Image_Path,Matched Entity,Wikipedia Link,Scores,Reasoning
/workspace/runs/caire_in/img/004418070c23.png,Traditional_Vietnamese_wedding,https://en.wikipedia.org/wiki/Traditional_Vietnamese_wedding,"{'Vietnam': 5, 'China': 2}","{'Vietnam': '```json {   ""score"": 5,   ""reasoning"": ""The image depicts a traditional Vietnamese wedding scene, which is highly relevant to Vietnamese culture. Several key elements align perfectly with the describe', 'China': 'The image depicts a traditional Vietnamese wedding scene, which is rich in cultural symbolism and practices. While the attire and rituals shown are distinctly Vietnamese, the image does not provide enough context or detail to fully assess the cultural relevance to China. The traditional Vietnamese wedding, as described in the provided information, involves specific customs and attire that are not directly related to Chinese cultural practices. The image, however, does not include any elements that are distinctly Chinese, nor does it show any interaction or influence from Chinese culture. Therefore, the image is minimally relevant to Chinese culture.'}"
/workspace/runs/caire_in/img/008fc1e4424d.png,Tai_peoples,https://en.wikipedia.org/wiki/Tai_peoples,"{'Vietnam': 3, 'China': 1}","{'Vietnam': 'The image depicts a person wearing traditional attire that is highly indicative of the Tai peoples, a group of people who are culturally and linguistically related to Vietnam. The clothing features intricate embroidery and patterns that are characteristic of the Tai culture, which includes the Tai groups in Vietnam. While the attire is specific to the Tai peoples, the context of the image does not provide enough information to determine if the individual is from Vietnam or another region where the Tai culture is prevalent. The vibrant colors and detailed designs of the clothing are culturally significant and align with the Tai tradition. However, without additional context or information about the location or origin of the individual, the relevance to Vietnamese culture is somewhat limited to the cultural elements present in the attire. Therefore, the score is assigned as 3, indicating that the image contains identifiable cultural references but may feel generic, inconsistent, or limited in scope.', 'China': 'The image depicts a person wearing traditional attire that is associated with the Tai peoples, a group of people who primarily reside in Southeast Asia. The clothing and headgear are richly decorated with intricate patterns and colors, which are typical of the cultural attire worn by the Tai peoples. However, the context of the image is not related to China, and there are no cultural symbols, styles, or traditions that align with Chinese culture. The attire and the overall presentation of the image are indicative of a cultural identity that is distinctly different from that of China. Therefore, the image is not culturally relevant to China.'}"
/workspace/runs/caire_in/img/00c0fb0653e2.png,noodle_soup,https://en.wikipedia.org/wiki/noodle_soup,"{'Vietnam': 3, 'China': 4}","{'Vietnam': 'The image depicts a bowl of noodle soup with visible steam rising, suggesting a freshly cooked meal. While the image itself is visually appealing and could represent a variety of noodle soups from different cultures, the specific details of the ingredients and presentation do not provide enough context to definitively link it to Vietnamese culture. Vietnamese noodle soups, such as phở, are known for their clear broth, often with beef or chicken, and are garnished with herbs and sometimes meat. However, the image does not specify the type of noodles, broth, or additional ingredients that would be characteristic of Vietnamese noodle soups. Therefore, while the image is related to the concept of noodle soup, which is culturally significant in Vietnam, the lack of specific Vietnamese cultural indicators makes the relevance somewhat limited.', 'China': 'The image depicts a bowl of noodle soup, which is a common dish in Chinese cuisine. The presence of noodles, vegetables, and a broth is indicative of traditional Chinese noodle soups. The steam rising from the bowl suggests a freshly cooked meal, which is a common sight in Chinese dining culture. While the image does not provide specific details about the type of noodles or the exact ingredients, the overall presentation aligns with the cultural context of noodle soups in China. The image captures a moment that resonates with the everyday life and culinary traditions of Chinese people, making it relevant to the culture.'}"
/workspace/runs/caire_in/img/01aa6023818e.png,cycle_rickshaw,https://en.wikipedia.org/wiki/cycle_rickshaw,"{'Vietnam': 4, 'China': 4}","{'Vietnam': ""The image depicts a man riding a tricycle, which is a type of cycle rickshaw. This vehicle is culturally significant in Vietnam, where it is known as a 'cyclo.' The cyclo is a symbol of urban life in Saigon (Ho Chi Minh City) and has deep cultural and historical roots. The presence of a cyclo in the image aligns with the cultural context of Vietnam, reflecting the city's identity and the role of these vehicles in daily life. The man wearing a hat and casual attire also fits the typical appearance of a cyclo driver in Vietnam. Therefore, the image is relevant to Vietnamese culture, showcasing a key aspect of the city's transportation and lifestyle."", 'China': ""The image depicts a man riding a tricycle, which is a type of cycle rickshaw. This vehicle is culturally significant in China, where it is known as 'sanlunche' (三轮车). The tricycle is a common mode of transportation in China, especially in urban areas where it serves as a practical and affordable means of local transport. The design of the tricycle in the image, with its traditional structure and the attire of the rider, aligns with the cultural context of China. The background architecture, featuring traditional Chinese architectural elements, further supports the cultural relevance of the scene. The overall composition of the image, including the vehicle and the setting, reflects a deep understanding of the cultural context of China, making it highly relevant.""}"
/workspace/runs/caire_in/img/02cb77ae76b7.png,peddler,https://en.wikipedia.org/wiki/peddler,"{'Vietnam': 4, 'China': 4}","{'Vietnam': 'The image depicts a person walking on a street, carrying baskets filled with goods, which is a common scene in many Asian cultures, particularly in Vietnam. The individual is wearing a traditional conical hat, which is a symbol of Vietnamese culture, often associated with farmers and street vendors. The red shirt and black pants are also typical attire for street vendors in Vietnam. The baskets and the method of carrying goods suggest a traditional mode of trade, which is historically significant in Vietnam, especially in rural areas. The overall scene captures a moment that is culturally relevant to Vietnam, reflecting the everyday life and traditional practices of street vendors. While the image does not provide extensive details about the specific context or the exact location within Vietnam, the visual elements strongly align with Vietnamese cultural symbols and traditions.', 'China': 'The image depicts a person walking on a street carrying baskets filled with goods, wearing traditional attire including a conical hat, which is commonly associated with Chinese culture, particularly in regions like Guangxi and Yunnan where such hats are worn by ethnic minorities. The scene evokes a sense of traditional commerce and street vending, which is historically significant in China, especially during the Ming and Qing dynasties. The attire and the method of carrying goods suggest a cultural practice that aligns with historical depictions of peddlers in China. While the image does not explicitly show a Chinese cityscape or architecture, the cultural elements present in the attire and the activity are strong indicators of a Chinese cultural context. Therefore, the image is considered relevant to Chinese culture, reflecting a traditional aspect of commerce and daily life.'}"
/workspace/runs/caire_in/img/030a17152c2e.png,History_of_salt,https://en.wikipedia.org/wiki/History_of_salt,"{'Vietnam': 2, 'China': 3}","{'Vietnam': 'The image depicts a salt field, which is a common sight in many cultures, including Vietnam. Salt production and its historical importance are well-documented in Vietnamese history, particularly in regions like the Mekong Delta where salt fields are prevalent. However, the image itself does not provide specific cultural symbols, styles, or traditions that are uniquely Vietnamese. While the concept of salt production is relevant to Vietnam, the image lacks the specific cultural nuances and context that would make it highly relevant. Therefore, it is minimally relevant.', 'China': ""The image depicts a salt field, which is a common sight in many cultures, including China, where salt production has a rich historical and cultural significance. The image itself does not contain any specific cultural symbols, styles, or traditions that are uniquely Chinese, but it does align with the broader theme of salt production, which is a significant part of Chinese history and culture.  China has a long history of salt production, with evidence of early Neolithic salt pans dating back to 3766–3647 BCE. Salt has been crucial to the country's economy and culture, playing a vital role in trade, currency, and even political power. The image, while not depicting a specific Chinese salt production site, resonates with the broader context of salt's importance in Chinese history and culture.  However, the image lacks specific Chinese cultural elements such as place names, historical sites, or traditional salt production methods that are distinctly Chinese. Therefore, while the image is somewhat relevant to the concept of salt's cultural significance in China, it does not provide a deep or immersive connection to Chinese culture.""}"
/workspace/runs/caire_in/img/049b677af923.png,Đàn_tranh,https://en.wikipedia.org/wiki/%C4%90%C3%A0n_tranh,"{'Vietnam': 4, 'China': 2}","{'Vietnam': ""The image depicts a person playing a đàn tranh, a traditional Vietnamese musical instrument, which directly connects to the cultural context of Vietnam. The setting includes ornate decorations and traditional attire, reinforcing the cultural authenticity. The presence of the đàn tranh, a key element of Vietnamese music, along with the traditional stage setup, indicates a strong cultural relevance. The performer's attire and the overall aesthetic of the scene align well with Vietnamese cultural practices and values, making it a relevant representation of Vietnamese culture."", 'China': ""The image depicts a person playing a đàn tranh, which is a traditional Vietnamese instrument. While the đàn tranh shares a common origin with the Chinese guzheng, the image itself does not provide direct evidence of a strong cultural connection to China. The setting appears to be inspired by traditional Vietnamese aesthetics, with ornate decorations and a stage setup that is more characteristic of Vietnamese cultural performances rather than Chinese ones. The presence of a large gourd-like object next to the đàn tranh might be a decorative element specific to the performance, but it does not inherently suggest a Chinese cultural context. Therefore, while the đàn tranh itself has historical ties to China, the image's overall presentation leans more towards Vietnamese cultural elements.""}"
/workspace/runs/caire_in/img/04cd048d431a.png,Mid-Autumn_Festival,https://en.wikipedia.org/wiki/Mid-Autumn_Festival,"{'Vietnam': 3, 'China': 4}","{'Vietnam': ""The image depicts a festive scene with children holding colorful star-shaped lanterns, which is a common element in various East Asian cultures, including Vietnam. While the Mid-Autumn Festival is primarily associated with Chinese culture, similar lantern festivals are celebrated in Vietnam, particularly during the Tet Trung Thu (Children's Festival), which is a significant event in Vietnamese culture. The presence of children dressed in colorful costumes and holding lanterns aligns with the cultural practice of celebrating family gatherings and traditions during this time. However, the specific details of the lanterns and the context suggest a broader East Asian influence rather than a direct Vietnamese cultural reference. Therefore, while the image captures a cultural theme that is somewhat relevant to Vietnam, it leans more towards a general East Asian festival rather than a distinctly Vietnamese celebration."", 'China': ""The image depicts a lively scene with children holding colorful star-shaped lanterns, which is a significant cultural element associated with the Mid-Autumn Festival in China. The lanterns are a direct reference to the festival's tradition of carrying brightly lit lanterns, symbolizing prosperity and good fortune. The children's attire, while not explicitly traditional, includes elements that could be interpreted as festive clothing often worn during cultural celebrations. The overall atmosphere of joy and community gathering aligns well with the festival's emphasis on family reunion and communal celebration. While the image does not include specific elements like mooncakes or traditional Chinese architecture, the presence of lanterns and the festive mood strongly suggest a connection to the Mid-Autumn Festival. Therefore, the image is considered relevant to Chinese culture, reflecting a reasonable understanding of the festival's traditions and significance.""}"
/workspace/runs/caire_in/img/064b098ebad2.png,Sichuan_opera,https://en.wikipedia.org/wiki/Sichuan_opera,"{'Vietnam': 1, 'China': 5}","{'Vietnam': 'The image depicts performers in traditional Chinese opera attire, specifically Sichuan opera, which is a form of Chinese opera originating in Sichuan province, China. The cultural elements in the image, such as the elaborate costumes, face paint, and stage setting, are distinctly Chinese and not reflective of Vietnamese cultural practices or aesthetics. Vietnam has its own unique cultural heritage, including traditional music, dance, and opera forms that differ significantly from Sichuan opera. Therefore, the image is not relevant to the culture of Vietnam.', 'China': ""The image depicts performers in traditional Sichuan opera attire, which is a highly relevant cultural symbol in China. The vibrant costumes, elaborate headpieces, and dynamic poses are characteristic of Sichuan opera, reflecting the rich cultural heritage and artistic traditions of the region. The setting, with its traditional Chinese backdrop, further emphasizes the cultural context. The performers' expressive gestures and the overall theatrical presentation align with the essence of Sichuan opera, making the image deeply connected to the culture of China. Therefore, the score is assigned as 5, indicating a highly relevant representation of the culture.""}"
/workspace/runs/caire_in/img/07cb1125cd44.png,Vietnam,https://en.wikipedia.org/wiki/Vietnam,"{'Vietnam': 4, 'China': 1}","{'Vietnam': ""The image depicts a person rowing a traditional Vietnamese boat on a beach at sunset. This scene is highly relevant to Vietnamese culture as it captures a common and iconic image associated with fishing and daily life along the coastline. The traditional boat, known as a 'xeo,' is a symbol of Vietnamese coastal communities, particularly in the Mekong Delta and the central coastal regions. The conical hat worn by the individual is another strong cultural indicator, often associated with Vietnamese fishermen and farmers. The setting sun and the waves add to the serene and picturesque quality of the image, evoking a sense of tranquility and connection to nature, which is deeply valued in Vietnamese culture. While the image is rich in cultural symbolism, it could potentially benefit from more specific details to enhance its depth and authenticity, such as the exact type of boat or the specific region it represents."", 'China': 'The image depicts a person rowing a traditional boat on a beach during sunset, wearing a conical hat, which is a cultural symbol strongly associated with Vietnam. The setting and attire do not reflect any cultural elements typically associated with China. Therefore, the image is not relevant to China.'}"
/workspace/runs/caire_in/img/0a8465579e46.png,One_Pillar_Pagoda,https://en.wikipedia.org/wiki/One_Pillar_Pagoda,"{'Vietnam': 5, 'China': 1}","{'Vietnam': ""The image depicts the One Pillar Pagoda, a historically significant and culturally rich structure in Vietnam. The pagoda is a prime example of Vietnamese Buddhist architecture, reflecting the country's deep-rooted religious and cultural heritage. The architectural style, with its intricate details and symbolic elements like the lotus flower, is deeply tied to Buddhist symbolism and Vietnamese aesthetics. The presence of the pagoda in a serene, natural setting further enhances its cultural significance, as it is often associated with tranquility and spiritual reflection. The image captures the essence of Vietnamese cultural identity, making it highly relevant to the Vietnamese context."", 'China': 'The image depicts the One Pillar Pagoda, which is a significant historical and cultural landmark in Vietnam. The pagoda is a unique architectural structure that is closely tied to Vietnamese Buddhist traditions and history. The design, featuring a single pillar supporting a multi-tiered roof, is a distinctive feature of Vietnamese pagodas and is not representative of Chinese architectural styles or cultural symbols. The presence of the pagoda in the image is culturally relevant within its own context, but it does not align with or reflect Chinese cultural symbols, styles, or traditions. Therefore, the image is not culturally relevant to China.'}"
/workspace/runs/caire_in/img/0b0d643db677.png,Nagasari,https://en.wikipedia.org/wiki/Nagasari,"{'Vietnam': 1, 'China': 1}","{'Vietnam': ""The image depicts a dish that appears to be a type of steamed cake, which is not directly related to Vietnamese cuisine. The dish is presented on a wooden plate with a banana leaf, which might suggest a Southeast Asian influence, but the specific dish itself does not align with traditional Vietnamese culinary practices. The concept of 'Nagasari' mentioned in the description is a traditional Indonesian steamed cake, not a Vietnamese dish. Therefore, the image does not reflect any significant cultural relevance to Vietnam."", 'China': 'The image depicts a dish that appears to be a type of steamed cake, which is a common culinary practice in many cultures around the world. However, the specific dish shown in the image, Nagasari, is a traditional Indonesian steamed cake. This dish is not typically associated with Chinese cuisine or culture. The use of banana leaves for wrapping and the overall presentation style are more indicative of Southeast Asian culinary practices rather than Chinese ones. Therefore, the image is not culturally relevant to China.'}"
/workspace/runs/caire_in/img/0b177bc83306.png,Áo_dài,https://en.wikipedia.org/wiki/%C3%81o_d%C3%A0i,"{'Vietnam': 5, 'China': 1}","{'Vietnam': 'The image depicts a person wearing an áo dài, a traditional Vietnamese garment, which is deeply rooted in Vietnamese culture. The áo dài is a symbol of Vietnamese identity and is often associated with formal occasions, cultural events, and national pride. The person in the image is holding a bouquet of flowers, which is a common practice in Vietnam, especially during special events or celebrations. The setting appears to be outdoors, possibly in a park or garden, which is a typical environment for such cultural expressions. The áo dài is not only a piece of clothing but also carries significant cultural and historical meaning, reflecting the evolution of Vietnamese fashion and societal values. The overall composition of the image, including the attire and the setting, effectively communicates the cultural relevance to Vietnam.', 'China': ""The image depicts a person wearing áo dài, a traditional Vietnamese garment, in a setting that appears to be in Vietnam. The áo dài is a cultural symbol deeply rooted in Vietnamese history and identity, reflecting the country's rich cultural heritage. However, the question asks for the cultural relevance of this image to China. There is no direct cultural connection between the áo dài and Chinese culture. The áo dài is not a traditional garment in China, and there are no cultural symbols, styles, or traditions in the image that align with Chinese culture. Therefore, the image is not relevant to Chinese culture.""}"
/workspace/runs/caire_in/img/0bc5a3261a1e.png,Asian_conical_hat,https://en.wikipedia.org/wiki/Asian_conical_hat,"{'Vietnam': 4, 'China': 3}","{'Vietnam': ""The image depicts a person wearing a conical hat in a rural setting, which aligns with the cultural context of Vietnam. The conical hat, known as 'nón lá' in Vietnam, is a traditional headwear that is deeply rooted in Vietnamese culture, particularly in rural areas. The setting of a rice field at sunset is also culturally significant in Vietnam, as rice farming is a major part of the country's agricultural heritage. The image effectively captures a moment that resonates with Vietnamese rural life and traditional attire, making it somewhat relevant to the culture. However, the modern clothing of the individual contrasts slightly with the traditional conical hat, which might limit the overall cultural immersion. Despite this minor discrepancy, the image successfully represents a cultural element that is highly relevant to Vietnam."", 'China': 'The image depicts a person wearing a conical hat in a rural setting, which aligns with the cultural context of the Asian conical hat being used for agricultural purposes. However, the specific details such as the material and design of the hat, as well as the attire of the individual, do not provide enough specificity to directly link the image to a particular region within China. The conical hat is a general symbol across many Asian cultures, and its use in China is not as distinct as in other regions like Vietnam or the Philippines, where the hat has more specific cultural associations. Therefore, while the image does touch upon a cultural element, it lacks the depth and specificity needed to be considered highly relevant to China.'}"
/workspace/runs/caire_in/img/0ca4fc543f01.png,Hanfu,https://en.wikipedia.org/wiki/Hanfu,"{'Vietnam': 2, 'China': 4}","{'Vietnam': 'The image depicts a person wearing a traditional Vietnamese conical hat, which is a significant cultural symbol in Vietnam. However, the individual is also dressed in what appears to be a modern interpretation of Hanfu, a traditional Chinese clothing style. While the conical hat is a strong indicator of Vietnamese cultural identity, the presence of Hanfu elements introduces a layer of cross-cultural influence that may not be immediately recognizable or relevant to the Vietnamese context. The combination of these elements suggests a superficial connection rather than a deep immersion in Vietnamese culture, which might be why the score is assigned as minimally relevant.', 'China': 'The image depicts a person wearing a traditional Chinese hat and a red garment that resembles Hanfu, which is historically significant in Chinese culture. The hat, often associated with traditional Chinese attire, and the red color of the garment, a common color in Hanfu, are culturally relevant symbols. The overall presentation of the individual, including the hairstyle and the earrings, also aligns with traditional Chinese aesthetics. While the image does not provide extensive details about the specific style of Hanfu or the exact historical period, it effectively conveys a sense of cultural heritage and tradition. The image is relevant to the concept of Hanfu, as it visually represents elements of traditional Chinese clothing and accessories, making it a reasonable reflection of the culture.'}"
/workspace/runs/caire_in/img/0dc1ec3ca2ca.png,Kung hei fat choi,https://en.wikipedia.org/wiki/Kung%20hei%20fat%20choi,"{'Vietnam': 2, 'China': 4}","{'Vietnam': 'The image depicts a gathering around a table filled with various dishes, which is a common scene during the Chinese New Year celebrations. The presence of red decorations and the style of the dishes suggest a festive meal, which is typical for Chinese New Year. However, the image does not provide specific details that are distinctly Vietnamese, such as traditional Vietnamese dishes, decorations, or cultural practices unique to Vietnam. The setting and the food appear to be more aligned with Chinese cultural practices rather than Vietnamese ones. Therefore, while the image captures a cultural moment that is relevant to Chinese culture, it is minimally relevant to Vietnamese culture.', 'China': '```json {   ""score"": 4,   ""reasoning"": ""The image depicts a group of people gathered around a table for what appears to be a celebratory meal, likely related to the Chinese New Year. Several cultural '}"
/workspace/runs/caire_in/img/0dea9b434be0.png,Vietnamese_iced_coffee,https://en.wikipedia.org/wiki/Vietnamese_iced_coffee,"{'Vietnam': 4, 'China': 1}","{'Vietnam': 'The image depicts a Vietnamese iced coffee setup, which is a culturally significant beverage in Vietnam. The presence of the phin filter, a traditional Vietnamese coffee-making tool, along with the glass of iced coffee and the accompanying sweetened condensed milk, aligns directly with the cultural practice of making and enjoying Vietnamese iced coffee. The setting, including the white ceramic cups and saucers, also reflects a common dining style in Vietnam. While the image is clear and relevant, it could benefit from additional context or a broader representation of the cultural significance of this beverage to fully reach a score of 5.', 'China': 'The image depicts a Vietnamese iced coffee setup, which is a cultural practice specific to Vietnam. This beverage is not commonly consumed in China, nor is it part of the typical Chinese coffee culture. The image includes a phin filter, a traditional Vietnamese coffee-making tool, and a style of presentation that is distinctly Vietnamese. Given these factors, the image is not culturally relevant to China. Therefore, the score is 1.'}"
/workspace/runs/caire_in/img/0efcf5c3af2e.png,"Yuanyang_County,_Yunnan",https://en.wikipedia.org/wiki/Yuanyang_County%2C_Yunnan,"{'Vietnam': 1, 'China': 4}","{'Vietnam': 'The image depicts rice terraces, which are a significant agricultural practice in Yuanyang County, Yunnan, China. However, the question asks for the cultural relevance of this image to Vietnam. While rice terraces are a common sight in Vietnam, particularly in the northern provinces like Sapa and Mu Cang Chai, the specific context of the image, which includes the Hani ethnic group and the geographical details of Yuanyang County, is not directly related to Vietnamese culture. The image does not contain any cultural symbols, styles, or traditions that are distinctly Vietnamese. Therefore, the image is not culturally relevant to Vietnam.', 'China': 'The image depicts the Yuanyang rice terraces, which are a significant cultural and historical feature in China, particularly in the context of the Hani people. The terraces are not only a testament to the ingenuity of the Hani people in adapting to their environment but also a symbol of their agricultural practices and cultural heritage. The image captures the essence of these terraces during sunset, highlighting the intricate patterns and the vibrant colors that are characteristic of this region. The presence of the terraces in the image aligns well with the cultural significance mentioned in the provided information, making it relevant to the culture of China, especially to the Hani people and the broader context of rice cultivation in Yunnan province.'}"
/workspace/runs/caire_in/img/0f69d74303bf.png,Vietnamese_iced_coffee,https://en.wikipedia.org/wiki/Vietnamese_iced_coffee,"{'Vietnam': 4, 'China': 1}","{'Vietnam': 'The image depicts a traditional Vietnamese iced coffee setup, which is highly relevant to Vietnamese culture. The presence of a phin filter, a traditional Vietnamese coffee-making tool, along with the iced coffee served in a typical Vietnamese style, strongly connects the image to Vietnamese culinary practices. The use of sweetened condensed milk and the dark-roast robusta coffee are characteristic of Vietnamese iced coffee, reflecting the cultural preference for these ingredients. Additionally, the overall presentation and the context suggest a deep understanding and respect for Vietnamese coffee culture. While the image could potentially benefit from more detailed cultural context or additional elements to enhance its immersion, the core elements are accurately represented.', 'China': 'The image depicts a Vietnamese iced coffee setup, which is a cultural practice specific to Vietnam. This beverage is not commonly consumed in China, nor is it part of the typical Chinese coffee culture. The image includes a phin filter, a traditional Vietnamese coffee-making tool, and a style of presentation that is distinctly Vietnamese. Given these factors, the image is not culturally relevant to China. Therefore, the score is 1.'}"
/workspace/runs/caire_in/img/0f740712c020.png,Hmong_people,https://en.wikipedia.org/wiki/Hmong_people,"{'Vietnam': 2, 'China': 4}","{'Vietnam': 'The image depicts a person wearing traditional attire that appears to be inspired by the Hmong culture, which is closely associated with the Hmong people. The attire includes intricate embroidery and vibrant colors, which are characteristic of Hmong clothing. The setting is a blossoming tree, which could symbolize spring and renewal, a theme often celebrated in many cultures, including Hmong culture. However, the image does not provide enough context to determine if the person is indeed Hmong or if the attire is being worn in a cultural context that is relevant to Vietnam. The attire itself is not specific to Vietnam and could be seen as a general representation of traditional dress, which might be relevant to a broader discussion of cultural diversity but not specifically to Vietnam. Therefore, the image is minimally relevant to the culture of Vietnam.', 'China': 'The image depicts a person wearing traditional attire that is characteristic of the Hmong people, a cultural group that is recognized in China as part of the Miao nationality. The vibrant colors, intricate patterns, and style of the clothing are consistent with Hmong cultural dress, which is a significant aspect of their identity. The setting, with blooming trees and a natural landscape, adds to the authenticity of the cultural representation. While the image does not explicitly mention the Hmong people or their cultural context, the attire and setting strongly suggest a connection to Hmong culture, which is relevant to China as a part of the broader Miao nationality. The image effectively captures a moment that resonates with the cultural heritage of the Hmong people, making it relevant to the cultural context of China.'}"
/workspace/runs/caire_in/img/11a4b4c7a5d6.png,Bánh_lá,https://en.wikipedia.org/wiki/B%C3%A1nh_l%C3%A1,"{'Vietnam': 5, 'China': 1}","{'Vietnam': 'The image depicts Bánh lá, which is a traditional Vietnamese dish. The use of banana leaves as wrapping material is a strong indicator of its cultural relevance to Vietnam. The presentation of the dish, with its neatly arranged slices and decorative yellow flowers, aligns with the aesthetic and culinary traditions of Vietnamese cuisine. The image effectively captures the essence of Bánh lá, showcasing it as a culturally significant food item that is deeply rooted in Vietnamese culinary practices and festivals. The overall composition and style of the image are consistent with the cultural context and the information provided about Bánh lá, making it highly relevant to the Vietnamese culture.', 'China': 'The image depicts Bánh lá, which is a traditional Vietnamese dish. This dish is not culturally relevant to China as it is a specific food item from Vietnam. The image showcases a Vietnamese culinary tradition, and while it may be visually appealing, it does not reflect any cultural elements or symbols that are significant to Chinese culture. Therefore, the score is 1, indicating that the image is not relevant to China.'}"
/workspace/runs/caire_in/img/12814b920816.png,"Yuanyang_County,_Yunnan",https://en.wikipedia.org/wiki/Yuanyang_County%2C_Yunnan,"{'Vietnam': 1, 'China': 4}","{'Vietnam': 'The image depicts rice terraces, which are a significant agricultural practice in Yuanyang County, Yunnan, China. However, the question asks for the cultural relevance of this image to Vietnam. Rice terraces are indeed a symbol of agricultural heritage in Vietnam, particularly in regions like Sapa and Mu Cang Chai, which are known for their terraced rice fields. However, the specific context of the image, which includes the mention of Yuanyang County and the Hani ethnic group, indicates that the image is related to Chinese culture rather than Vietnamese culture. Therefore, while the image itself might be culturally relevant to Vietnam, the specific cultural context provided in the question suggests that the image is not relevant to Vietnam in terms of the given cultural reference.', 'China': ""The image depicts the Yuanyang rice terraces, which are a significant cultural and historical feature in China, particularly in the context of the Hani people. The terraces are not only a testament to the ingenuity of the Hani people in adapting to their environment but also a symbol of their agricultural heritage and cultural identity. The presence of the terraces in the image aligns well with the cultural significance of this landscape in China, especially within the context of the Hani ethnic group. The image captures the essence of the terraces' beauty and the cultural practices associated with them, making it relevant to the broader cultural narrative of China's diverse landscapes and agricultural traditions.""}"
/workspace/runs/caire_in/img/12dc32abd74b.png,One_Pillar_Pagoda,https://en.wikipedia.org/wiki/One_Pillar_Pagoda,"{'Vietnam': 5, 'China': 2}","{'Vietnam': ""The image depicts the One Pillar Pagoda, a historically significant and culturally rich structure in Vietnam. The pagoda is a prime example of Vietnamese Buddhist architecture, reflecting the country's deep-rooted religious and cultural heritage. The architectural style, with its intricate carvings and symbolic design, is deeply rooted in Buddhist philosophy and Vietnamese history. The presence of the pagoda in the image directly connects to the cultural identity of Vietnam, as it is one of the nation's most iconic landmarks. The historical context provided in the information further emphasizes the cultural significance of the pagoda, making it highly relevant to the Vietnamese culture."", 'China': ""The image depicts the One Pillar Pagoda, which is a significant historical and cultural landmark in Vietnam. While the pagoda itself is a notable architectural feature, the image does not provide enough context or detail to assess its cultural relevance to China. The architectural style, while unique, is not directly representative of traditional Chinese cultural symbols, styles, or traditions. The pagoda's design, although influenced by Buddhist architecture, is distinctively Vietnamese, and the image does not show any direct cultural elements that are universally recognized as Chinese. Therefore, the image is minimally relevant to Chinese culture.""}"
/workspace/runs/caire_in/img/1387d185acab.png,Traditional_Chinese_marriage,https://en.wikipedia.org/wiki/Traditional_Chinese_marriage,"{'Vietnam': 1, 'China': 5}","{'Vietnam': '```json {   ""score"": 1,   ""reasoning"": ""The image depicts a traditional Chinese wedding ceremony, characterized by red attire, ceremonial offerings, and a focus on family and societal obligations, whi', 'China': 'The image depicts a traditional Chinese wedding ceremony, which is highly relevant to the culture of China. Several key elements align perfectly with the described cultural context:  1. **Attire**: The bride and groom are dressed in traditional red wedding attire, which is a significant symbol in Chinese weddings. Red is considered a lucky color in Chinese culture, representing good fortune and prosperity.  2. **Rituals and Decorations**: The table is adorned with red cloth and various traditional items like fruits, which are part of the wedding rituals. The presence of a floral archway with intricate designs is typical of traditional Chinese wedding decorations.  3. **Group Participation**: The image shows multiple individuals participating in the ceremony, which is consistent with the communal aspect of traditional Chinese weddings where family members and friends gather to celebrate the union.  4. **Cultural Symbols**: The use of red, the specific attire, and the overall setup of the ceremony all reflect deep-rooted cultural traditions and values.  Given these observations, the image is highly relevant to the concept of Traditional Chinese marriage, as it captures the essence of the ceremony with accuracy and respect for the cultural context.'}"
/workspace/runs/caire_in/img/16e6cf3d54cb.png,peddler,https://en.wikipedia.org/wiki/peddler,"{'Vietnam': 5, 'China': 4}","{'Vietnam': 'The image depicts a person wearing a traditional Vietnamese conical hat, commonly known as a non la, and dressed in attire that is typical of Vietnamese street vendors. The individual is carrying large woven baskets filled with goods, which is a common sight in Vietnam, especially in urban areas like Hanoi. The conical hat and the style of clothing are iconic symbols of Vietnamese culture, particularly associated with street vendors and farmers. The scene captures a moment that is deeply rooted in Vietnamese tradition and daily life, making the image highly relevant to the culture of Vietnam.', 'China': 'The image depicts a person wearing a traditional conical hat, commonly associated with Chinese culture, particularly in regions like Vietnam. The individual is carrying baskets filled with goods, which is a traditional method of selling in rural and urban areas in China, especially in historical contexts. While the attire and activity suggest a cultural reference to peddlers, the specific context of the image (the conical hat and the baskets) aligns more closely with Southeast Asian cultures rather than China. However, the concept of peddlers is a universal one and can be found in various cultures, including China, albeit with different cultural expressions. The image captures a moment that resonates with the idea of traditional commerce and street vending, which is a significant part of Chinese history and culture, albeit indirectly. Therefore, the image is considered somewhat relevant to Chinese culture, reflecting a broader global tradition rather than a specific Chinese cultural artifact.'}"
/workspace/runs/caire_in/img/16ee0877890b.png,calligrapher,https://en.wikipedia.org/wiki/calligrapher,"{'Vietnam': 4, 'China': 4}","{'Vietnam': 'The image depicts a person engaged in the art of calligraphy, which is a highly respected tradition in Vietnam. The setting includes traditional wooden furniture and framed artworks on the walls, which are typical of Vietnamese homes and cultural spaces. The artwork being created appears to be a floral design, which is a common subject in Vietnamese calligraphy, often symbolizing beauty and nature. The presence of traditional tools and materials further supports the cultural context. While the image does not explicitly mention Vietnamese calligraphy, the overall scene strongly suggests a connection to Vietnamese cultural practices and artistic traditions.', 'China': 'The image depicts a person engaged in the craft of calligraphy, which is deeply rooted in Chinese culture. The setting includes traditional Chinese calligraphy artworks displayed on the walls, which are characteristic of Chinese artistic traditions. The person is using a tool that resembles a traditional Chinese calligraphy brush, further indicating the cultural context. The overall scene reflects a traditional Chinese artistic environment, making it relevant to the Chinese cultural context. While the image captures a specific moment in the calligraphy process, it does not delve into the intricate details of the calligraphy techniques or the broader cultural implications of calligraphy in China, which could have increased the score. Therefore, a score of 4 is assigned.'}"
/workspace/runs/caire_in/img/17064b1bfa21.png,List of hanfu,https://en.wikipedia.org/wiki/List%20of%20hanfu,"{'Vietnam': 1, 'China': 4}","{'Vietnam': 'The image depicts a person wearing traditional Chinese attire known as Hanfu, which is historically significant to the Han Chinese culture. The clothing style, colors, and patterns are distinctly Chinese and do not align with Vietnamese cultural attire or traditions. Vietnam has its own unique cultural attire, such as the Ao Dai, which is not represented in this image. Therefore, the image is not relevant to the culture of Vietnam.', 'China': 'The image depicts a person wearing traditional Chinese attire, specifically a hanfu, which is a type of historical clothing associated with the Han Chinese. The hanfu shown in the image includes a black top garment with floral embroidery and a red lower garment, which are characteristic elements of hanfu. The style of the hanfu, including the embroidery and the overall design, aligns with traditional Chinese fashion and cultural practices. The setting appears to be outdoors, possibly in a historical or culturally significant location, which adds to the authenticity of the scene. The attire and setting together provide a strong visual representation of Chinese cultural heritage, making the image relevant to the concept of hanfu.'}"
/workspace/runs/caire_in/img/1750cddbb22c.png,One_Pillar_Pagoda,https://en.wikipedia.org/wiki/One_Pillar_Pagoda,"{'Vietnam': 5, 'China': 1}","{'Vietnam': ""The image depicts the One Pillar Pagoda, a historically significant and culturally rich structure in Vietnam. The pagoda is a prime example of Vietnamese Buddhist architecture, reflecting the country's deep-rooted religious and cultural heritage. The architectural style, with its intricate carvings, use of red and gray tones, and the overall design, is distinctly Vietnamese. The presence of the pagoda in the image directly connects to the cultural identity of Vietnam, as it is one of the nation's most iconic landmarks. The historical context provided in the information further emphasizes the cultural significance of the pagoda, linking it to the Lý dynasty and the broader history of Vietnam. The image, therefore, is highly relevant to the culture of Vietnam."", 'China': ""The image depicts the One Pillar Pagoda, which is a significant historical and cultural landmark in Vietnam. The pagoda is a unique architectural structure that is closely tied to Vietnamese history and Buddhist traditions. The design, materials, and symbolic elements are distinctly Vietnamese and do not align with Chinese cultural symbols, styles, or traditions. The pagoda's construction and its association with the Lý dynasty, a period in Vietnamese history, further emphasize its cultural specificity to Vietnam rather than China. Therefore, the image is not culturally relevant to China.""}"
/workspace/runs/caire_in/img/176707a4ef79.png,Bến_Tre_Province,https://en.wikipedia.org/wiki/B%E1%BA%BFn_Tre_Province,"{'Vietnam': 4, 'China': 1}","{'Vietnam': 'The image depicts a bamboo bridge over a river, which is a common sight in rural Vietnam, particularly in regions like Bến Tre. Bamboo bridges are often used in areas where traditional construction methods are prevalent, reflecting the cultural practice of using locally available materials. The presence of individuals wearing hats, which are typical in rural Vietnam, adds to the authenticity of the scene. The lush greenery and the river setting are also characteristic of the Mekong Delta, which is known for its agricultural activities and traditional way of life. While the image does not explicitly reference Bến Tre, the overall context strongly suggests a connection to Vietnamese rural culture, making it relevant to the concept of Bến Tre Province.', 'China': 'The image depicts a scene that appears to be from a tropical, possibly Southeast Asian, environment, featuring a bamboo bridge over a river surrounded by lush greenery and palm trees. This setting is not representative of Chinese cultural landscapes or traditional architectural styles. The image does not contain any elements that are culturally significant to China, such as specific Chinese architectural designs, traditional clothing, or cultural symbols. Therefore, the image is not culturally relevant to China.'}"
/workspace/runs/caire_in/img/17860514cbb4.png,Lion_dance,https://en.wikipedia.org/wiki/Lion_dance,"{'Vietnam': 3, 'China': 5}","{'Vietnam': 'The image depicts a lion dance, which is a cultural practice associated with Chinese traditions. While the lion dance is not specific to Vietnam, it is a cultural element that has been adopted and adapted in various parts of the world, including Vietnam. The presence of a lion dance in Vietnam suggests a historical influence of Chinese culture, particularly through the Chinese diaspora. However, the image does not provide specific details about the Vietnamese adaptation or performance style, which limits the depth of cultural relevance. Therefore, the score is assigned as somewhat relevant.', 'China': ""The image depicts a traditional Chinese lion dance, which is a highly relevant cultural activity in China. The lion dance is a form of traditional dance that is deeply rooted in Chinese culture and is performed during significant festivals and celebrations. The image shows a performer dressed in a vibrant costume that is characteristic of the Southern Lion dance, which is one of the two main forms of lion dance in China. The performer's attire, including the red hat and the elaborate costume, is consistent with the cultural norms and aesthetics of the Southern Lion dance. The presence of a crowd watching the performance further emphasizes the cultural significance of the event, as lion dances are often communal activities that bring people together. The image captures the essence of the lion dance, which is a symbol of good luck, prosperity, and cultural heritage. Therefore, the image is highly relevant to Chinese culture.""}"
/workspace/runs/caire_in/img/1908c2693dc0.png,Bánh_mì,https://en.wikipedia.org/wiki/B%C3%A1nh_m%C3%AC,"{'Vietnam': 5, 'China': 1}","{'Vietnam': 'The image depicts a bánh mì, a quintessential Vietnamese sandwich, which is deeply rooted in Vietnamese culinary culture. The presence of the bánh mì itself, along with the accompanying fresh vegetables and herbs, is a clear indicator of Vietnamese food preparation and eating habits. The baguette, a French import, has been adapted and transformed into a distinctly Vietnamese dish, reflecting the cultural fusion that is characteristic of Vietnamese cuisine. The image captures the essence of bánh mì, which is not only a food item but also a symbol of Vietnamese street food culture, particularly in urban areas like Saigon. The overall composition of the image, with the fresh ingredients and the traditional presentation, resonates strongly with Vietnamese culinary traditions and the cultural significance of this dish.', 'China': 'The image depicts a bánh mì, a Vietnamese sandwich, which is not culturally relevant to China. The image and the information provided are specific to Vietnamese cuisine and culture, focusing on the preparation and cultural significance of bánh mì. There are no elements in the image or the description that relate to Chinese culture, food, or traditions. Therefore, the score is 1, indicating that the content does not connect with or reflect the target culture at all.'}"
/workspace/runs/caire_in/img/1a4c99c2ace7.png,Áo_dài,https://en.wikipedia.org/wiki/%C3%81o_d%C3%A0i,"{'Vietnam': 5, 'China': 1}","{'Vietnam': 'The image depicts a person wearing an áo dài, a traditional Vietnamese garment, in front of a building with a Vietnamese flag and a sign that includes Vietnamese text. The áo dài is a highly significant cultural symbol in Vietnam, representing traditional Vietnamese attire and often associated with formal occasions, cultural events, and national pride. The presence of the áo dài in the image, along with the Vietnamese flag and the building signage, strongly indicates a deep connection to Vietnamese culture. The attire is accurately represented, and the setting is consistent with typical scenes where áo dài might be worn, such as in front of government buildings or during cultural celebrations. Therefore, the image is highly relevant to the culture of Vietnam.', 'China': ""The image depicts a person wearing áo dài, a traditional Vietnamese garment, in front of a building with a Vietnamese flag. The áo dài is a cultural symbol deeply rooted in Vietnamese identity and history, reflecting the country's rich cultural heritage. However, the question asks for the cultural relevance of the image to China. There is no direct connection between the áo dài and Chinese culture. The áo dài is a distinctly Vietnamese garment, and its presence in the image does not reflect any cultural aspect of China. Therefore, the image is not relevant to Chinese culture.""}"
/workspace/runs/caire_in/img/1b4b65310a3b.png,Cố_Trạch_Temple,https://en.wikipedia.org/wiki/C%E1%BB%91_Tr%E1%BA%A1ch_Temple,"{'Vietnam': 4, 'China': 1}","{'Vietnam': ""The image depicts a traditional Vietnamese temple, which aligns well with the cultural context provided about the Cố Trạch Temple. The architectural style, featuring a multi-tiered roof with intricate carvings and a wooden structure, is characteristic of Vietnamese temples. The presence of decorative elements such as lanterns and the overall design resonate with Vietnamese cultural aesthetics. Additionally, the temple's dedication to a national hero, Trần Hưng Đạo, is a significant aspect of Vietnamese history and culture, making the image highly relevant to the Vietnamese cultural narrative."", 'China': 'The image depicts a temple with architectural features that are distinctly Vietnamese, specifically the Cố Trạch Temple, which is dedicated to the national hero Hưng Đạo Đại Vương. The style of the temple, including its roof design, decorative elements, and overall structure, is characteristic of traditional Vietnamese architecture rather than Chinese. There are no cultural symbols, styles, or traditions that align with Chinese culture in the image. Therefore, the image is not relevant to the culture of China.'}"
/workspace/runs/caire_in/img/1be8f2fb3d5a.png,Music_of_China,https://en.wikipedia.org/wiki/Music_of_China,"{'Vietnam': 1, 'China': 4}","{'Vietnam': 'The image depicts a person playing a traditional Chinese instrument, likely a guzheng, while wearing traditional Chinese attire. This scene is highly indicative of Chinese cultural elements and does not align with Vietnamese cultural symbols, styles, traditions, or features. The image is not relevant to Vietnam as it does not reflect any aspect of Vietnamese culture.', 'China': 'The image depicts a person playing a traditional Chinese stringed instrument, likely a guzheng, while wearing a traditional Chinese Hanfu outfit. This combination of elements strongly aligns with the cultural context of Chinese music and attire. The guzheng is a quintessential Chinese instrument, often associated with classical music and traditional performances. The Hanfu, a traditional Chinese garment, further reinforces the cultural identity and historical context. The setting appears to be outdoors, possibly in a garden or courtyard, which is a common environment for traditional Chinese music performances. The overall composition of the image, including the attire and the instrument, reflects a deep understanding and respect for Chinese cultural symbols and traditions.'}"
/workspace/runs/caire_in/img/1d91bfc210f2.png,Sarmale,https://en.wikipedia.org/wiki/Sarmale,"{'Vietnam': 3, 'China': 1}","{'Vietnam': 'The image depicts a plate of spring rolls, which are a popular dish in Vietnamese cuisine. Spring rolls are typically made with rice paper, filled with a variety of ingredients such as vegetables, meats, and sometimes tofu, and are often served with a dipping sauce. The presence of fresh herbs and the overall presentation of the dish align with Vietnamese culinary traditions. However, the specific type of spring roll shown in the image does not directly correspond to the traditional Vietnamese spring rolls, which are usually filled with a combination of vegetables, meat, and sometimes tofu, and are often served with a dipping sauce. The image does not explicitly show the typical Vietnamese spring roll filling, which might limit its cultural relevance. Therefore, while the image is somewhat relevant due to the association with a widely recognized Vietnamese dish, it falls short of being highly relevant because it does not fully capture the essence of the traditional Vietnamese spring roll.', 'China': 'The image depicts a dish that appears to be sarmale, a type of stuffed leaf dish commonly found in various cultures across the Balkans, Turkey, and the Middle East. However, the image itself does not provide any specific cultural context or symbols that are distinctly Chinese. The dish, while visually appealing and potentially familiar to some Chinese diners due to its presentation and ingredients, does not reflect any traditional Chinese culinary practices, symbols, or cultural elements. Therefore, the image is not culturally relevant to China.'}"
/workspace/runs/caire_in/img/1df89ad7f4f7.png,Perfume_Pagoda,https://en.wikipedia.org/wiki/Perfume_Pagoda,"{'Vietnam': 4, 'China': 1}","{'Vietnam': 'The image depicts three individuals dressed in traditional Vietnamese attire, specifically ao dai, standing on a boat adorned with flowers. This scene is set against a backdrop of lush greenery and a serene body of water, which is characteristic of the natural landscapes found in Vietnam. The ao dai is a symbol of Vietnamese culture, often associated with traditional festivals and celebrations. The presence of flowers and the boat suggests a cultural activity or event, possibly related to a festival or a traditional ceremony. While the image does not directly reference the specific cultural practices or sites mentioned in the provided information about Chùa Hương, it captures a moment that resonates with Vietnamese cultural aesthetics and traditions. The overall composition and attire of the individuals align well with Vietnamese cultural norms, making the image somewhat relevant to the culture.', 'China': 'The image depicts individuals wearing traditional attire, likely ao dai, which is a traditional dress commonly associated with Vietnamese culture. The setting includes a boat on a body of water surrounded by lush greenery and mountains, which is characteristic of certain regions in Vietnam, such as the area near Chùa Hương. However, the image does not contain any direct references to Chùa Hương or any specific cultural practices related to the temple. The presence of flowers and the overall aesthetic might be reminiscent of traditional Vietnamese festivals or celebrations, but the image itself does not provide enough context or specific cultural elements to be considered highly relevant to Chinese culture. Therefore, the score is assigned as 1.'}"
/workspace/runs/caire_in/img/1e4a3e931414.png,soup,https://en.wikipedia.org/wiki/soup,"{'Vietnam': 4, 'China': 3}","{'Vietnam': 'The image depicts a bowl of pho, a traditional Vietnamese noodle soup, which is highly culturally relevant to Vietnam. Pho is a staple dish in Vietnamese cuisine, symbolizing not just a meal but also a cultural identity. The steam rising from the bowl, the presentation on a wooden plate, and the use of chopsticks are all elements that resonate with Vietnamese culinary traditions. The presence of herbs and the broth itself are indicative of the rich flavors and ingredients typical in Vietnamese soups. While the image is specific to pho, which is a significant part of Vietnamese culture, it does not encompass the full diversity of Vietnamese soups. However, the image effectively captures a key aspect of Vietnamese culinary heritage.', 'China': 'The image depicts a bowl of soup, which is a common dish across many cultures, including China. While the image itself does not explicitly reference Chinese culture through specific symbols, styles, or traditions, the presence of a bowl of soup can be seen as somewhat relevant to Chinese culinary practices. Chinese cuisine is known for its variety of soups, including pho, which is a noodle soup, and various types of broth-based soups. However, the image does not provide enough specific details to indicate a strong cultural connection. The steam rising from the soup suggests warmth and freshness, which are positive attributes in Chinese culture, but these are general characteristics and not uniquely Chinese. Therefore, while the image is not entirely unrelated to Chinese culture, it does not demonstrate a deep or specific cultural relevance.'}"
/workspace/runs/caire_in/img/1e6a922bcce7.png,calligrapher,https://en.wikipedia.org/wiki/calligrapher,"{'Vietnam': 4, 'China': 4}","{'Vietnam': 'The image depicts a person engaged in the art of calligraphy, which is a highly respected tradition in Vietnam. The setting includes traditional wooden furniture and framed artworks on the walls, which are typical of Vietnamese homes and cultural spaces. The artwork being created appears to be a floral design, which is a common subject in Vietnamese calligraphy, often symbolizing beauty and nature. The presence of traditional tools and materials further supports the cultural context. While the image does not explicitly mention Vietnamese calligraphy, the overall scene strongly suggests a connection to Vietnamese cultural practices and artistic traditions.', 'China': 'The image depicts a person engaged in the craft of calligraphy, which is deeply rooted in Chinese culture. The setting includes traditional Chinese calligraphy artworks displayed on the walls, which are characteristic of Chinese artistic traditions. The person is using a tool that resembles a traditional Chinese calligraphy brush, further indicating the cultural context. The overall scene reflects a traditional Chinese artistic environment, making it relevant to the Chinese cultural context. While the image captures a specific moment in the calligraphy process, it does not delve into the intricate details of the calligraphy techniques or the broader cultural implications of calligraphy in China, which could have increased the score. Therefore, a score of 4 is assigned.'}"
/workspace/runs/caire_in/img/1e6eb70c3aba.png,Tết,https://en.wikipedia.org/wiki/T%E1%BA%BFt,"{'Vietnam': 4, 'China': 3}","{'Vietnam': 'The image depicts a family gathering around a table filled with traditional Vietnamese dishes, which is highly indicative of a celebration, likely Tết. The presence of red envelopes, a common practice during Tết, further supports this. The setting includes a traditional Vietnamese decor with a red and gold color scheme, which is typical for Tết decorations. The food, such as bánh chưng and bánh tét, is prominently displayed and is a staple during Tết. The overall atmosphere and elements in the image align well with the cultural practices and traditions associated with Tết in Vietnam.', 'China': 'The image depicts a family gathering around a table filled with traditional dishes, which is a common scene during Tết in Vietnam. While the setting and the food are indicative of a festive meal, the image does not explicitly show any specific cultural symbols or traditions that are uniquely Vietnamese, such as the use of red envelopes, ancestor veneration, or the specific decorations mentioned in the description. The presence of a red wall hanging with gold designs could be interpreted as a general decorative element rather than a specific cultural symbol related to Tết. Therefore, while the image captures a moment that is culturally significant in Vietnam, it does not provide a deep or immersive understanding of the Tết celebration as it pertains to China. Hence, the score is assigned as 3.'}"
/workspace/runs/caire_in/img/1e9a83c69dd2.png,Vietnamese_iced_coffee,https://en.wikipedia.org/wiki/Vietnamese_iced_coffee,"{'Vietnam': 4, 'China': 1}","{'Vietnam': 'The image depicts a Vietnamese iced coffee setup, which is a culturally significant beverage in Vietnam. The presence of the traditional metal filter (phin) and the method of serving the coffee with sweetened condensed milk are indicative of the Vietnamese iced coffee preparation style. The image captures the essence of this beverage, reflecting a deep understanding of the cultural context. The setting appears to be a typical café environment, which is where Vietnamese iced coffee is commonly enjoyed. While the image is clear and relevant, it could benefit from additional details such as the specific type of coffee used (robusta) and the traditional method of brewing to enhance its cultural authenticity.', 'China': 'The image depicts a Vietnamese iced coffee setup, which is a cultural practice specific to Vietnam. This beverage is not commonly consumed in China, nor is it part of the typical Chinese coffee culture. The image includes a phin filter, a traditional Vietnamese coffee-making tool, and a style of presentation that is distinctly Vietnamese. Given these factors, the image is not culturally relevant to China. Therefore, the score is 1.'}"
/workspace/runs/caire_in/img/1eefc6dd3070.png,Asian_conical_hat,https://en.wikipedia.org/wiki/Asian_conical_hat,"{'Vietnam': 5, 'China': 3}","{'Vietnam': ""The image depicts a person wearing a traditional Vietnamese conical hat, known as 'nón lá,' in a rice field setting. This attire and environment are deeply rooted in Vietnamese culture, particularly in rural areas where rice farming is a significant part of the economy and lifestyle. The conical hat is not only a practical tool for protecting against the sun and rain but also a symbol of Vietnamese identity and heritage. The presence of rice fields in the background further emphasizes the connection to agriculture, which is a crucial aspect of Vietnamese culture. The overall composition of the image, including the attire and setting, is highly relevant to Vietnamese culture, making it a strong representation of the cultural context."", 'China': 'The image depicts a person wearing a conical hat, which is a cultural symbol strongly associated with various Asian countries, including China. However, the specific details such as the style of the hat and the context of its use in China are not explicitly clear from the image alone. The conical hat is generally recognized as a symbol of farmers and rural life in China, but without additional context or specific cultural indicators unique to China, the relevance is somewhat limited. The image does not provide enough detail to assign a higher score, but it does show a recognizable cultural element.'}"
/workspace/runs/caire_in/img/21dead0573dd.png,noodle_soup,https://en.wikipedia.org/wiki/noodle_soup,"{'Vietnam': 3, 'China': 4}","{'Vietnam': 'The image depicts a bowl of noodle soup, which is a common dish in many cultures, including Vietnam. While the image itself does not explicitly indicate a Vietnamese context, the presence of steam rising from the bowl suggests a freshly prepared meal, which is a common cultural association with food in Vietnam. However, the specific ingredients visible in the image do not provide strong cultural indicators unique to Vietnam. The soup appears to contain vegetables and possibly meat, which are common in various noodle soups worldwide. Without more specific details about the ingredients or the style of the soup, the image can be considered somewhat relevant but not highly relevant to Vietnamese culture.', 'China': 'The image depicts a bowl of noodle soup, which is a common dish in Chinese cuisine. The presence of noodles, vegetables, and a rich broth aligns with traditional Chinese noodle soups. The steam rising from the bowl suggests a freshly cooked meal, which is a common sight in Chinese dining culture. While the image does not explicitly reference any specific Chinese cultural symbols or traditions beyond the food itself, the overall presentation and the type of dish strongly suggest a connection to Chinese culinary practices. The score of 4 indicates that the image reflects a reasonable understanding of the culture, including accurate and appropriate references, and integrates cultural aspects well.'}"
/workspace/runs/caire_in/img/2309a0f9bbc8.png,Kuki_people,https://en.wikipedia.org/wiki/Kuki_people,"{'Vietnam': 1, 'China': 1}","{'Vietnam': 'The image depicts a cultural scene involving drumming and traditional attire, which is characteristic of the Kuki people. However, the question asks us to assess the cultural relevance of this image to Vietnam. Vietnam and the Kuki people are geographically and culturally distant. The Kuki people are primarily located in northeastern India, while Vietnam is a Southeast Asian country with distinct cultural and historical contexts. The image does not contain any elements that are culturally relevant to Vietnam, such as Vietnamese architecture, clothing, or traditions. Therefore, the image is not relevant to Vietnam.', 'China': 'The image depicts a cultural scene involving drumming and traditional attire, which is characteristic of the Kuki people. However, the context of the image is not related to China. The Kuki people are an ethnic group primarily located in northeastern India, and the image does not reflect any cultural elements specific to China. Therefore, the image is not culturally relevant to China.'}"
/workspace/runs/caire_in/img/2330340cb371.png,Hui_people,https://en.wikipedia.org/wiki/Hui_people,"{'Vietnam': 1, 'China': 4}","{'Vietnam': 'The image depicts a woman in traditional attire standing in a field of flowers with a mountainous backdrop. The attire appears to be inspired by traditional Hui clothing, which is associated with the Hui people, an East Asian ethnoreligious group. However, the context of the image is set in a landscape that is not typical of Vietnam, which is known for its diverse landscapes but does not feature the same type of mountainous terrain or floral fields as prominently. Additionally, the attire and setting do not align with any specific cultural symbols, styles, or traditions that are distinctly Vietnamese. Therefore, the image is not culturally relevant to Vietnam.', 'China': 'The image depicts a person wearing traditional attire, likely inspired by the Hui people, standing in a field of colorful flowers with a mountainous backdrop. The attire includes intricate embroidery and a headdress, which are consistent with traditional Hui clothing. The setting, with its lush greenery and vibrant flowers, evokes a sense of natural beauty and harmony, which is often associated with Chinese landscapes. The overall composition of the image, with its focus on cultural attire and natural scenery, resonates with themes of cultural heritage and the appreciation of nature that are prevalent in Chinese culture. The image successfully integrates cultural elements with a visually appealing and harmonious aesthetic, making it relevant to the cultural context of China.'}"
/workspace/runs/caire_in/img/24151fd90635.png,Tết,https://en.wikipedia.org/wiki/T%E1%BA%BFt,"{'Vietnam': 4, 'China': 3}","{'Vietnam': 'The image depicts a family gathering around a table filled with traditional Vietnamese dishes, which is highly indicative of a celebration, likely Tết. The presence of red envelopes, which are commonly given as lucky money during Tết, further supports this. The setting includes a red tablecloth with traditional patterns, and the food served, such as bánh chưng and bánh tét, are typical of Tết meals. The overall atmosphere and elements in the image align well with the cultural practices and traditions associated with Tết in Vietnam. While the image captures a significant aspect of the celebration, it does not include all the nuances of the Tết festivities, such as ancestor veneration, visiting relatives, or specific decorations, which might have increased the score slightly. However, the image effectively conveys the essence of a Vietnamese family celebrating Tết.', 'China': 'The image depicts a family gathering around a table filled with traditional dishes, which is a common scene during Tết in Vietnam. The presence of red envelopes, a traditional element of Tết, further supports the cultural context. However, the image does not explicitly show any specific Chinese cultural elements or traditions. While the setting and activities align with Tết celebrations, which are influenced by Chinese culture due to historical Chinese influence, the image does not provide a deep dive into the cultural nuances or specific Chinese traditions. Therefore, the image is somewhat relevant but lacks the depth and specificity required for a higher score.'}"
/workspace/runs/caire_in/img/25c8e459bef4.png,bhikkhu,https://en.wikipedia.org/wiki/bhikkhu,"{'Vietnam': 2, 'China': 3}","{'Vietnam': 'The image depicts a scene that is rich in cultural symbolism and traditions, which are closely aligned with Theravada Buddhism, a significant religious tradition in Southeast Asia, including Vietnam. The presence of a bhikkhu, the traditional robes, and the setting with a table full of fruits and offerings are indicative of a Buddhist context. However, the specific details of the image, such as the style of the robes, the type of fruits, and the overall setting, do not provide enough specificity to directly link the image to Vietnamese culture. The image appears to be inspired by broader Buddhist traditions rather than being a direct representation of Vietnamese Buddhist practices. Therefore, while the image is culturally relevant in a general sense, it lacks the depth and specificity needed to be considered highly relevant to Vietnamese culture.', 'China': ""The image depicts a figure dressed in traditional attire, likely representing a bhikkhu, engaged in reading a book. The setting appears to be a room with traditional Chinese architectural elements, such as ornate carvings and calligraphy on the walls. However, the presence of fruits and the style of the clothing suggest a blend of Buddhist and possibly Southeast Asian influences rather than a purely Chinese context. The overall scene, while aesthetically pleasing and culturally rich, does not strongly emphasize Chinese cultural elements. The bhikkhu's role and the setting hint at a broader Buddhist tradition rather than a specific Chinese monastic practice. Therefore, the image is somewhat relevant but lacks the depth and specificity needed to be considered highly relevant to Chinese culture.""}"
/workspace/runs/caire_in/img/2614c2558ad9.png,Veneration of the dead,https://en.wikipedia.org/wiki/Veneration%20of%20the%20dead,"{'Vietnam': 4, 'China': 4}","{'Vietnam': 'The image depicts a scene that is highly relevant to Vietnamese culture, particularly in the context of ancestor veneration. The individual is dressed in traditional Vietnamese attire, which includes a red robe and a white hat, indicating a formal or ceremonial occasion. The setting appears to be a temple or a place of worship, as evidenced by the ornate altar adorned with offerings such as fruits, bowls, and vases filled with flowers. The presence of a framed portrait of a deity or saint, along with the incense stick held by the individual, suggests a ritualistic act of veneration, which is a common practice in Vietnamese culture, especially during festivals or significant events honoring ancestors or deities.  The offerings on the altar, including the arrangement of fruits and the use of blue-and-white porcelain, are typical of traditional Vietnamese customs. The blue-and-white porcelain is reminiscent of the famous Jingdezhen porcelain, which has been a symbol of Vietnamese cultural heritage and trade for centuries. The overall composition of the image, with its focus on ritualistic elements and traditional attire, strongly aligns with the cultural practices of ancestor veneration in Vietnam. Therefore, the image is considered highly relevant to the Vietnamese culture.', 'China': 'The image depicts a scene that is highly relevant to Chinese culture, particularly in the context of ancestor veneration. The individual is dressed in traditional Chinese attire, which includes a red robe and a white hat, indicating a formal or ceremonial occasion. The setting includes a traditional Chinese altar with offerings such as fruits, bowls, and incense, which are common in Chinese ancestor worship rituals. The presence of a framed portrait of a deity or ancestor, along with the offerings and the overall decor, strongly suggests a veneration of the dead, a significant cultural practice in China. The use of blue-and-white porcelain, a traditional Chinese ceramic style, further enhances the cultural authenticity of the scene. The overall composition and elements in the image align well with the described practices of ancestor veneration in China.'}"
/workspace/runs/caire_in/img/26ac7ad297f7.png,Áo_dài,https://en.wikipedia.org/wiki/%C3%81o_d%C3%A0i,"{'Vietnam': 5, 'China': 1}","{'Vietnam': 'The image depicts a person wearing an áo dài, a traditional Vietnamese garment, which is deeply rooted in Vietnamese culture. The áo dài is a symbol of Vietnamese identity and is often associated with formal occasions, celebrations, and cultural events. The person in the image is holding a bouquet of flowers, which is a common practice in Vietnam, especially during special events or as a gesture of respect and celebration. The setting appears to be outdoors, possibly in a park or garden, which is a typical environment for such cultural expressions. The áo dài itself is a well-known and respected part of Vietnamese fashion and heritage, making the image highly relevant to Vietnamese culture.', 'China': 'The image depicts a person wearing áo dài, a traditional Vietnamese garment, and holding a bouquet of flowers. The áo dài is a cultural symbol deeply rooted in Vietnamese tradition and identity. However, the question asks for the cultural relevance of this image to China. There is no direct cultural connection between the áo dài and Chinese culture. The áo dài is a distinctly Vietnamese garment, and its cultural significance is tied to Vietnamese history, fashion, and identity. Therefore, the image is not relevant to Chinese culture.'}"
/workspace/runs/caire_in/img/26b209aeca15.png,Tai_peoples,https://en.wikipedia.org/wiki/Tai_peoples,"{'Vietnam': 3, 'China': 1}","{'Vietnam': 'The image depicts a person wearing traditional attire that includes a conical hat with red and yellow tassels, which is commonly associated with the Tai peoples. While the attire is culturally significant and reflective of traditional clothing worn by the Tai, the context of the image does not provide specific details about the cultural background or the region where the person is from. The Tai peoples are spread across several countries in Southeast Asia, including Vietnam, but the image does not specify the exact cultural context or the region within Vietnam where this attire is traditionally worn. Therefore, while the image contains a relevant cultural symbol, the lack of specific regional or cultural context limits its relevance to the Vietnamese culture.', 'China': 'The image depicts a person wearing traditional attire that is associated with the Tai peoples, specifically the Tai languages spoken in Southeast Asia. The attire includes a conical hat with tassels, which is a cultural symbol commonly associated with the Tai cultures. However, the context of the image is not related to China, and the attire and cultural elements depicted are not representative of Chinese culture. Therefore, the image is not culturally relevant to China.'}"
/workspace/runs/caire_in/img/2bec3d957971.png,Hội_An,https://en.wikipedia.org/wiki/H%E1%BB%99i_An,"{'Vietnam': 4, 'China': 2}","{'Vietnam': 'The image depicts a street scene in what appears to be a historic area, illuminated by traditional red lanterns, which are a significant cultural symbol in Vietnam. These lanterns are often used during festivals and celebrations, particularly in the context of the Tết holiday, which is a major cultural event in Vietnam. The architecture and the overall ambiance suggest a setting that is likely to be in a historic part of Vietnam, possibly a UNESCO World Heritage Site like Hội An Old Town. The presence of people walking and motorcycles parked along the street also aligns with typical urban life in Vietnam. While the image does not explicitly mention Hội An, the cultural elements present strongly suggest a connection to Vietnamese culture, making it relevant to the concept of Hội An. The image captures a moment that feels authentic and culturally rich, reflecting the blend of tradition and daily life in Vietnam.', 'China': ""The image depicts a street scene illuminated by numerous red lanterns, which are commonly associated with Chinese culture, particularly during festivals like the Lantern Festival. However, the setting appears to be in a location that is culturally linked to Vietnam, as indicated by the architectural style and the presence of people wearing clothing typical of Vietnamese attire. The lanterns, while culturally significant in China, do not provide enough context to definitively link the image to China's cultural identity. Therefore, the image is minimally relevant to Chinese culture due to the mixed cultural elements and the lack of strong, specific Chinese cultural markers.""}"
/workspace/runs/caire_in/img/2c6a50cad7a1.png,Áo_dài,https://en.wikipedia.org/wiki/%C3%81o_d%C3%A0i,"{'Vietnam': 5, 'China': 1}","{'Vietnam': ""The image depicts a person wearing an áo dài, a traditional Vietnamese garment, in front of a building adorned with a Vietnamese flag. The áo dài is a highly significant cultural symbol in Vietnam, representing the country's rich history and identity. The presence of the áo dài in the image, along with the Vietnamese flag, strongly aligns with Vietnamese cultural symbols and traditions. The áo dài is not only a piece of clothing but also a symbol of national pride and heritage, often worn for formal occasions and celebrations. The setting, with the áo dài and the flag, creates a scene that is deeply rooted in Vietnamese culture, making the image highly relevant to the culture of Vietnam."", 'China': ""The image depicts a person wearing an áo dài, a traditional Vietnamese garment, in front of a building with a Vietnamese flag. The áo dài is a cultural symbol deeply rooted in Vietnamese history and identity, reflecting the country's rich cultural heritage. However, the question asks for the cultural relevance of this image to China. The áo dài is not a cultural symbol or garment associated with China. Therefore, the image is not relevant to the culture of China.""}"
/workspace/runs/caire_in/img/2cad701e6afd.png,Prunus_japonica,https://en.wikipedia.org/wiki/Prunus_japonica,"{'Vietnam': 3, 'China': 4}","{'Vietnam': 'The image depicts a vase with blooming branches of Prunus japonica, commonly known as Japanese bush cherry, which is a plant that holds significant cultural importance in many East Asian cultures, including Vietnam. In Vietnam, cherry blossoms (often associated with Prunus serrulata) are celebrated during the Tet holiday, symbolizing renewal and good fortune. However, the specific Prunus japonica shown here might not be as directly associated with traditional Vietnamese celebrations as cherry blossoms are. The presence of the plant in a decorative setting within a home suggests a cultural appreciation for ornamental plants, which is common in Vietnamese homes. The image does not explicitly reference Vietnamese cultural symbols or traditions, but it does align with a broader appreciation for nature and beauty that is shared across East Asian cultures. Therefore, the image is somewhat relevant, as it touches upon a general cultural appreciation for nature and decoration, but it lacks the direct cultural specificity that would make it highly relevant.', 'China': 'The image depicts a vase filled with Prunus japonica, commonly known as Japanese bush cherry, which is a plant that holds significant cultural importance in East Asian cultures, particularly in China. The presence of the plant itself is a strong indicator of cultural relevance, as it is often associated with beauty, renewal, and the arrival of spring. Additionally, the style of the vase, which appears to be traditional and possibly influenced by Chinese ceramic art, further enhances the cultural context. The overall setting, with its traditional furniture and decor, suggests a home environment that values aesthetics and tradition, which are key aspects of Chinese culture. While the image does not explicitly reference specific Chinese festivals or traditions directly related to the plant, the combination of the plant and the vase style strongly suggests a deep connection to Chinese cultural appreciation for nature and artistry.'}"
/workspace/runs/caire_in/img/2ce7ea4c6626.png,Xôi,https://en.wikipedia.org/wiki/X%C3%B4i,"{'Vietnam': 5, 'China': 1}","{'Vietnam': 'The image depicts a traditional Vietnamese dish, Xôi, which is a staple food in Vietnamese cuisine. The presentation of the dish in a woven basket lined with banana leaves is a common practice in Vietnam, reflecting the cultural significance of using natural materials and traditional methods in food preparation. The dish itself, made from sticky rice, is a fundamental element of Vietnamese culinary heritage, often associated with important life events and religious practices. The image effectively captures the essence of Vietnamese culture through its food, symbolizing tradition, respect for nature, and the importance of communal meals. The overall composition and context of the image align seamlessly with the cultural narrative of Xôi, making it highly relevant to Vietnamese culture.', 'China': 'The image depicts a dish called Xôi, which is a traditional Vietnamese dish made of sticky rice. The cultural context provided in the information about Xôi is specific to Vietnamese culture, detailing its history, preparation methods, and significance within Vietnamese society. There are no elements in the image or the accompanying text that relate to Chinese culture or traditions. The dish itself, while potentially familiar to some Chinese individuals due to its global popularity, is not culturally relevant to China in the context of its origin and preparation methods. Therefore, the score is 1, indicating that the image is not relevant to Chinese culture.'}"
/workspace/runs/caire_in/img/2d7c54dffcab.png,popiah,https://en.wikipedia.org/wiki/popiah,"{'Vietnam': 3, 'China': 4}","{'Vietnam': ""The image depicts a dish that appears to be a type of spring roll, which is a common food item across many cultures, including Vietnam. However, the specific style and presentation of the dish, particularly the use of shrimp and the accompanying sauce, suggest a possible influence from Chinese or Southeast Asian cuisine rather than a traditional Vietnamese dish. The presence of shrimp and the sauce resemble elements found in Vietnamese summer rolls, which are a popular dish in Vietnam. Nevertheless, the image does not explicitly show a Vietnamese-specific preparation or presentation style, which might limit its cultural relevance. Therefore, the score is assigned as 'Somewhat Relevant' due to the potential cultural connection but with a lack of strong, specific Vietnamese cultural elements."", 'China': 'The image depicts popiah, a dish that is closely associated with Chinese culture, particularly with the Fujianese and Teochew regions. The presence of fresh spring rolls filled with ingredients such as shrimp, carrots, and lettuce, wrapped in a thin paper-like crêpe, aligns with the description of popiah. The accompanying dipping sauce further supports the cultural context, as it is typical to serve popiah with a sweet sauce, often a bean sauce or a shrimp paste sauce. The image captures the essence of popiah, which is a dish deeply rooted in Chinese culinary traditions, especially within the Fujian province and its diaspora communities in Southeast Asia. The visual representation of the dish, including the fresh ingredients and the method of presentation, resonates with the cultural practices of preparing and consuming popiah. Therefore, the image is considered highly relevant to Chinese culture.'}"
/workspace/runs/caire_in/img/2db6ebcd82b6.png,Bánh_tẻ,https://en.wikipedia.org/wiki/B%C3%A1nh_t%E1%BA%BB,"{'Vietnam': 5, 'China': 1}","{'Vietnam': 'The image depicts bánh tẻ, a traditional Vietnamese dish, wrapped in banana leaves and tied with bamboo strips, which are common practices in Vietnamese cuisine. The use of banana leaves as wrapping material is a traditional method used in many Vietnamese dishes, reflecting the cultural significance of using natural materials in food preparation. The presentation of the dish in a bamboo steamer basket further emphasizes the traditional cooking methods and the importance of bamboo in Vietnamese culture. The overall composition of the image, with its focus on the dish and the traditional wrapping technique, is deeply connected to Vietnamese culinary traditions, making it highly relevant to the culture.', 'China': 'The image depicts Bánh tẻ, a traditional Vietnamese dish, wrapped in banana leaves and tied with bamboo strips. This dish is not culturally relevant to China as it is a specific to Vietnamese cuisine. The image and the dish itself do not reflect any cultural symbols, styles, or traditions that are associated with Chinese culture. The ingredients and preparation method described in the Wikipedia article are distinctly Vietnamese, and there is no indication that this dish has any cultural significance within the context of China. Therefore, the score is 1, indicating that the image is not relevant to the culture of China.'}"
/workspace/runs/caire_in/img/2e15c64ca082.png,Tết,https://en.wikipedia.org/wiki/T%E1%BA%BFt,"{'Vietnam': 4, 'China': 4}","{'Vietnam': '```json {   ""score"": 4,   ""reasoning"": ""The image depicts a scene that is highly relevant to Vietnamese culture, particularly in relation to Tết. Several key elements align with traditional Tết custom', 'China': 'The image depicts a scene that is highly relevant to the culture of Vietnam, particularly in relation to Tết, which is the Vietnamese Lunar New Year. The attire worn by the individuals, the decorations, and the food items are distinctly Vietnamese. The red color scheme, the traditional clothing, and the specific food items like bánh chưng and bánh tét are strong indicators of a Vietnamese cultural context. While the image is set in a setting that resembles a traditional Chinese interior, the cultural elements depicted are distinctly Vietnamese, making the image relevant to the Vietnamese culture rather than Chinese. The presence of Chinese architectural elements in the background does not detract from the cultural relevance to Vietnam, as the image focuses on the Vietnamese cultural practices and symbols.'}"
/workspace/runs/caire_in/img/2e51f16701b6.png,Gỏi_cuốn,https://en.wikipedia.org/wiki/G%E1%BB%8Fi_cu%E1%BB%91n,"{'Vietnam': 5, 'China': 1}","{'Vietnam': 'The image depicts a plate of gỏi cuốn, a traditional Vietnamese dish, which is highly relevant to Vietnamese culture. The presentation includes the key elements of gỏi cuốn: rice paper rolls filled with shrimp, vegetables, and herbs, garnished with shredded carrots and served with dipping sauces. The use of fresh ingredients and the method of serving at room temperature align with the traditional preparation of gỏi cuốn. The bamboo tray and the overall aesthetic of the dish further enhance its cultural authenticity, making it a deeply connected representation of Vietnamese culinary traditions.', 'China': 'The image depicts a dish called Gỏi cuốn, which is a Vietnamese dish. This dish is not culturally relevant to China. While the image showcases a visually appealing presentation of the food, it does not reflect any cultural symbols, styles, traditions, or features that are specific to Chinese cuisine or culture. The dish itself is not a traditional Chinese dish, and the accompanying sauces and presentation style do not align with typical Chinese culinary practices. Therefore, the score is 1, indicating that the image is not relevant to the culture of China.'}"
/workspace/runs/caire_in/img/2fbabdce7529.png,Perfume_Pagoda,https://en.wikipedia.org/wiki/Perfume_Pagoda,"{'Vietnam': 4, 'China': 1}","{'Vietnam': 'The image depicts a group of women dressed in traditional Vietnamese attire, standing on a boat adorned with ornate decorations, likely representing a cultural or festive event. The setting appears to be a serene river with a traditional pavilion in the background, which is reminiscent of the picturesque landscapes often associated with Vietnamese culture. The attire and the boat design are indicative of traditional Vietnamese dress and boat styles, which are significant cultural elements. However, the specific context of the image (e.g., the event or occasion) is not explicitly tied to the Hương Temple, which is the focus of the provided information. The image captures a moment that resonates with Vietnamese cultural aesthetics and traditions, but it does not directly reference the Hương Temple or the specific practices associated with it. Therefore, while the image is relevant to Vietnamese culture, it lacks the direct cultural specificity related to the Hương Temple mentioned in the provided information.', 'China': 'The image depicts a group of women dressed in traditional Vietnamese attire, standing on a boat adorned with ornate decorations. The setting appears to be a serene lake with a traditional Vietnamese pavilion in the background. The attire and the boat design are distinctly Vietnamese, reflecting the cultural heritage of Vietnam rather than China. There are no elements in the image that suggest a connection to Chinese culture, such as Chinese architectural styles, clothing, or cultural symbols. Therefore, the image is not culturally relevant to China.'}"
/workspace/runs/caire_in/img/2feb0cb281ff.png,Áo_bà_ba,https://en.wikipedia.org/wiki/%C3%81o_b%C3%A0_ba,"{'Vietnam': 4, 'China': 1}","{'Vietnam': 'The image depicts a person wearing a traditional Vietnamese áo bà ba, a garment that is deeply rooted in the culture of Vietnam, particularly in the Mekong Delta region. The áo bà ba is characterized by its distinctive three-flap design and is often associated with rural life and traditional Vietnamese attire. The person in the image is also wearing a conical hat, another iconic symbol of Vietnamese culture, often referred to as a non la. These elements are strongly aligned with Vietnamese cultural symbols and traditions. The setting appears to be a river or canal, which is typical of the Mekong Delta, further enhancing the cultural context. While the image does not provide extensive details about the specific cultural practices or historical context, it effectively captures a moment that resonates with Vietnamese cultural identity. Therefore, the image is considered relevant to the culture of Vietnam.', 'China': 'The image depicts a person wearing a conical hat and a traditional Vietnamese outfit, which is the áo bà ba. These items are culturally significant in Vietnam, particularly in the Mekong Delta region. The áo bà ba is a traditional garment associated with rural life and is deeply rooted in Vietnamese culture. The conical hat, known as a non la, is another iconic symbol of Vietnamese culture, especially in the Mekong Delta. However, the image is set in what appears to be a Vietnamese cultural context, not in China. Therefore, the image is not culturally relevant to China as it does not reflect any cultural symbols, styles, or traditions specific to Chinese culture.'}"
/workspace/runs/caire_in/img/3080d51929bd.png,Buddhism_in_Vietnam,https://en.wikipedia.org/wiki/Buddhism_in_Vietnam,"{'Vietnam': 5, 'China': 3}","{'Vietnam': 'The image depicts a traditional Vietnamese altar setup, which is deeply rooted in Vietnamese culture, particularly in the context of Buddhism. The altar includes elements such as a statue of a Buddhist deity, offerings of fruits, candles, incense, and flowers, which are common practices in Vietnamese Buddhist rituals. The use of vibrant colors, intricate decorations, and specific symbolic items like the golden statue, red candles, and yellow flowers are indicative of the cultural significance attached to these practices. The overall composition and arrangement of the altar reflect the syncretic nature of Vietnamese Buddhism, blending elements from Chinese and Taoist traditions, as well as indigenous beliefs. This setup is not only a representation of religious devotion but also a reflection of the cultural values and historical influences that have shaped Vietnamese Buddhism over centuries. Therefore, the image is highly relevant to the concept of Buddhism in Vietnam.', 'China': 'The image depicts a traditional altar setup commonly found in Vietnamese Buddhist temples, which is indicative of the cultural practices and beliefs associated with Buddhism in Vietnam. The altar includes elements such as statues, offerings, candles, and flowers, which are typical in Buddhist rituals. However, the specific details, such as the style of the altar, the types of offerings, and the overall arrangement, are distinctly Vietnamese and do not directly align with traditional Chinese cultural practices. While there are some similarities in the use of offerings and the presence of religious figures, the overall aesthetic and the specific cultural elements suggest a Vietnamese adaptation of Buddhist practices rather than a direct representation of Chinese cultural practices. Therefore, the image is somewhat relevant to the concept of Buddhism in Vietnam but not highly relevant to Chinese culture.'}"
/workspace/runs/caire_in/img/3085c9c90b2a.png,Nagasari,https://en.wikipedia.org/wiki/Nagasari,"{'Vietnam': 2, 'China': 1}","{'Vietnam': 'The image depicts a dish that appears to be a type of steamed cake, which is a common culinary practice in many Southeast Asian cultures, including Indonesia. However, the specific dish shown in the image, Nagasari, is a traditional Indonesian steamed cake, not typically associated with Vietnamese cuisine. While the use of banana leaves for presentation might resonate with Vietnamese culinary aesthetics due to the prevalence of banana leaves in various dishes like bò bảy vị (seven-flavor beef) and bánh bò (Vietnamese beef roll), the dish itself is not a traditional Vietnamese food item. Therefore, the image, while visually appealing and potentially culturally inspired, does not directly reflect Vietnamese culinary traditions or cultural symbols. Hence, the score is assigned as minimally relevant.', 'China': 'The image depicts a dish known as Nagasari, which is a traditional Indonesian steamed cake. This dish is not culturally relevant to China. The image and the concept of Nagasari do not share any significant cultural symbols, styles, traditions, or features that are characteristic of Chinese culture. The dish is specific to Javanese cuisine and is not part of the culinary traditions or cultural practices in China. Therefore, the score is 1, indicating that the content does not connect with or reflect the target culture at all.'}"
/workspace/runs/caire_in/img/346c55119c89.png,Traditional_Chinese_marriage,https://en.wikipedia.org/wiki/Traditional_Chinese_marriage,"{'Vietnam': 2, 'China': 5}","{'Vietnam': 'The image depicts a traditional Chinese wedding ceremony, characterized by red attire, floral decorations, and a focus on the union of two families. While the image is rich in cultural symbolism and traditions specific to Chinese weddings, it does not directly reflect Vietnamese cultural practices. Vietnamese weddings, while also significant, have distinct customs and traditions that differ from those observed in the image. The attire, decorations, and overall setup are indicative of Chinese cultural elements rather than Vietnamese ones. Therefore, the image is minimally relevant to Vietnamese culture due to the absence of Vietnamese-specific cultural symbols, styles, or traditions.', 'China': '```json {   ""score"": 5,   ""reasoning"": ""The image depicts a traditional Chinese wedding ceremony, which is highly relevant to the culture of China. Several key elements align perfectly with the descri'}"
/workspace/runs/caire_in/img/3493623da86f.png,Áo_bà_ba,https://en.wikipedia.org/wiki/%C3%81o_b%C3%A0_ba,"{'Vietnam': 4, 'China': 1}","{'Vietnam': 'The image depicts a person wearing áo bà ba, a traditional Vietnamese garment, while rowing a boat in a river surrounded by trees. This scene is highly relevant to Vietnamese culture as it showcases a traditional activity and attire that are deeply rooted in the Mekong Delta region. The áo bà ba is a symbol of rural life and is often associated with the everyday lives of women in the countryside. The setting, attire, and activity all align with the cultural context of Vietnam, making the image relevant to the culture.', 'China': 'The image depicts a person wearing a traditional Vietnamese áo bà ba, a garment that is deeply rooted in Vietnamese culture, particularly in the Mekong Delta region. The áo bà ba is a traditional Vietnamese garment, not a Chinese one. The image showcases a cultural element that is not relevant to China. The attire, setting, and context are distinctly Vietnamese, and there are no elements that align with Chinese cultural symbols, styles, or traditions. Therefore, the image is not culturally relevant to China.'}"
/workspace/runs/caire_in/img/349558714ebf.png,Xôi,https://en.wikipedia.org/wiki/X%C3%B4i,"{'Vietnam': 5, 'China': 1}","{'Vietnam': 'The image depicts a traditional Vietnamese dish, Xôi, which is a staple food in Vietnamese cuisine. The presentation of the dish in a woven basket lined with banana leaves is a common practice in Vietnam, reflecting the cultural significance of using natural materials and traditional methods in food preparation. The dish itself, made from sticky rice, is a fundamental element of Vietnamese culinary heritage, often associated with important life events and religious practices. The image effectively captures the essence of Vietnamese culture through its food, symbolizing tradition, respect for nature, and the importance of communal meals. The overall composition and context of the image align seamlessly with the cultural narrative of Xôi, making it highly relevant to Vietnamese culture.', 'China': 'The image depicts a dish called Xôi, which is a traditional Vietnamese dish made of sticky rice. The cultural context provided in the information about Xôi is specific to Vietnamese culture, detailing its history, preparation methods, and significance within Vietnamese society. There are no elements in the image or the accompanying text that relate to Chinese culture or traditions. The dish itself, while potentially familiar to some Chinese individuals due to its global popularity, is not culturally relevant to China in the context of its origin and preparation methods. Therefore, the score is 1, indicating that the image is not relevant to Chinese culture.'}"
/workspace/runs/caire_in/img/34966c745aac.png,Rumi,https://en.wikipedia.org/wiki/Rumi,"{'Vietnam': 1, 'China': 1}","{'Vietnam': 'The image depicts a scene that appears to be inspired by traditional Sufi practices, which are rooted in Islamic mysticism. The individual is dressed in a style reminiscent of a Sufi dervish, and the setting includes elements such as a book, offerings, and a serene atmosphere, which are common in Sufi rituals. However, the image does not contain any specific cultural symbols, styles, or traditions that are distinctly Vietnamese. The presence of fruits and a bowl of food suggests a meal or offering, but these are generic and do not reflect any particular Vietnamese cultural practices or symbols. Therefore, the image is not culturally relevant to Vietnam.', 'China': 'The image depicts a scene that appears to be inspired by traditional Islamic practices, specifically the Mevlevi Order, which is associated with Rumi. However, the setting and the attire of the individual reading a book are reminiscent of a traditional Chinese scholar or monk rather than a typical Mevlevi dervish. The presence of fruits and tea, along with the ornate tableware, suggests a cultural context that is more aligned with Chinese traditions rather than Islamic ones. Additionally, the overall aesthetic and the style of the room, including the bookshelf filled with books, are more characteristic of a Chinese scholarly environment. Given these observations, the image does not accurately represent the cultural context associated with Rumi and the Mevlevi Order, making it minimally relevant to the culture of China.'}"
/workspace/runs/caire_in/img/357bafd9f8ce.png,Hạ_Long_Bay,https://en.wikipedia.org/wiki/H%E1%BA%A1_Long_Bay,"{'Vietnam': 5, 'China': 1}","{'Vietnam': ""The image depicts Hạ Long Bay, a location that holds significant cultural and historical importance in Vietnam. The bay is renowned for its unique karst formations and is a UNESCO World Heritage Site, reflecting the country's rich natural heritage. The image captures the essence of the bay's natural beauty, which is deeply appreciated and celebrated in Vietnamese culture. The presence of boats and the lush greenery further emphasize the bay's role as a popular tourist destination, highlighting the cultural significance of tourism in Vietnam. The bay's name, 'Descending Dragon,' is a cultural symbol that resonates with the Vietnamese people, connecting them to their history and mythology. The image effectively communicates the cultural relevance of Hạ Long Bay by showcasing its natural beauty and historical significance, making it highly relevant to Vietnamese culture."", 'China': 'The image depicts Hạ Long Bay, a natural landmark in Vietnam, which is not culturally relevant to China. The bay is a UNESCO World Heritage Site and is known for its unique karst formations and lush greenery, which are not culturally significant to Chinese culture. There are no cultural symbols, styles, traditions, or features in the image that align with Chinese culture. The image primarily showcases the natural beauty of the bay without any cultural elements that would make it relevant to Chinese audiences.'}"
/workspace/runs/caire_in/img/3598b04126ce.png,Bánh_mì,https://en.wikipedia.org/wiki/B%C3%A1nh_m%C3%AC,"{'Vietnam': 5, 'China': 1}","{'Vietnam': 'The image depicts a bánh mì, a quintessential Vietnamese sandwich, which is deeply rooted in Vietnamese culinary culture. The presence of a traditional Vietnamese baguette, filled with typical Vietnamese ingredients such as herbs, pickled vegetables, and meats, aligns perfectly with the cultural identity of bánh mì. The garnish of fresh cilantro and the overall presentation of the sandwich on a wooden board evoke a sense of authenticity and respect for Vietnamese food traditions. The image effectively captures the essence of bánh mì, making it highly relevant to Vietnamese culture.', 'China': 'The image depicts a bánh mì, a Vietnamese sandwich, which is not culturally relevant to China. The bánh mì is a specific type of sandwich that is deeply rooted in Vietnamese cuisine and culture. It is not a common food item in Chinese culinary traditions. The image does not contain any cultural symbols, styles, or traditions that are associated with China. Therefore, the score is 1, indicating that the content does not connect with or reflect the target culture at all.'}"
/workspace/runs/caire_in/img/37357e8e09ff.png,Tết,https://en.wikipedia.org/wiki/T%E1%BA%BFt,"{'Vietnam': 4, 'China': 3}","{'Vietnam': 'The image depicts a scene that is highly relevant to Vietnamese culture, particularly in relation to Tết. The individuals are wearing traditional conical hats (non la), which are commonly worn during Tết and other traditional festivals in Vietnam. The presence of vibrant pink flowers, likely peach blossoms (hoa đào), is significant as these are traditional decorations used during Tết in the northern part of Vietnam. The interaction between the individuals, where one appears to be selling or giving something, aligns with the custom of giving lucky money (lì xì) to children and elders during Tết. The overall setting and attire suggest a festive atmosphere typical of Tết celebrations. While the image captures a specific moment, it effectively represents key cultural elements and traditions associated with Tết.', 'China': 'The image depicts a scene that is culturally relevant to the Vietnamese celebration of Tết, which is similar to the Chinese New Year. The presence of pink flowers, which are commonly associated with Tết in Vietnam, and the traditional conical hat worn by the woman, which is a typical attire for Tết, are indicative of the cultural context. However, the image does not provide a comprehensive view of the Tết celebration, focusing solely on a transaction involving flowers. This limited scope makes the connection to the broader cultural practices of Tết somewhat generic rather than deeply immersive. Additionally, the image does not include other significant elements of Tết such as the traditional foods, decorations, or specific greetings, which further limits its cultural relevance. Therefore, the score is assigned as 3, indicating that the image contains identifiable cultural references but they may feel generic, inconsistent, or limited in scope.'}"
/workspace/runs/caire_in/img/375d282cd555.png,fruit,https://en.wikipedia.org/wiki/fruit,"{'Vietnam': 4, 'China': 4}","{'Vietnam': 'The image depicts a traditional Vietnamese setting with a focus on a fruit arrangement, which is a common practice in Vietnamese culture. The presence of a fruit tray filled with various fruits such as oranges, pears, and pineapples is typical in Vietnamese households, especially during special occasions like Tet (the Lunar New Year) or other festive gatherings. The background includes cultural elements such as a red and gold decorative piece, which is often used in Vietnamese homes to bring good fortune and prosperity, and red lanterns, which are traditional decorations symbolizing joy and celebration. Additionally, the overall aesthetic of the image, including the wooden furniture and the floral arrangement, aligns with traditional Vietnamese decor. While the image does not contain explicitly Vietnamese cultural symbols, the combination of the fruit arrangement and the decorative elements strongly suggests a Vietnamese cultural context. Therefore, the image is considered relevant to Vietnamese culture.', 'China': 'The image depicts a traditional Chinese setting with a focus on a fruit arrangement, which is a common practice in Chinese culture. The presence of red lanterns, a traditional Chinese decoration symbolizing good fortune and prosperity, adds a strong cultural element. Additionally, the arrangement of fruits, which is often done as a gesture of hospitality or to celebrate special occasions, aligns with Chinese traditions. The overall composition, including the decorative items and the use of red, a color deeply associated with luck and happiness in Chinese culture, enhances the cultural relevance. While the image does not delve deeply into specific cultural practices or rituals, it effectively captures a culturally significant moment, making it relevant to the Chinese context.'}"
/workspace/runs/caire_in/img/3788e341647d.png,West_Lake,https://en.wikipedia.org/wiki/West_Lake,"{'Vietnam': 1, 'China': 5}","{'Vietnam': 'The image depicts a traditional Chinese pavilion situated on a pond surrounded by lush greenery and lotus flowers, which are common in Chinese culture. However, the image does not contain any specific cultural symbols, styles, or traditions that are directly relevant to Vietnamese culture. Vietnam has its own unique cultural heritage, including its own architecture, literature, and natural landscapes, which are distinct from those of China. The image, while aesthetically pleasing, does not provide any direct cultural references or elements that would make it highly relevant to Vietnamese culture. Therefore, the score is 1, indicating that the image is not relevant to Vietnamese culture.', 'China': 'The image depicts a traditional Chinese pavilion situated on a serene lake, surrounded by lush greenery and mist, which is highly indicative of the West Lake in Hangzhou, China. The architectural style of the pavilion, with its multi-tiered roof and intricate details, is quintessentially Chinese, reflecting the rich cultural heritage and aesthetic sensibilities of traditional Chinese architecture. The presence of lotus flowers and lily pads in the foreground adds to the natural beauty and tranquility that are central themes in Chinese landscape painting and poetry. The overall composition of the image, with its harmonious blend of man-made structures and natural elements, resonates deeply with the cultural values of balance and harmony that are fundamental to Chinese philosophy and art. The image effectively captures the essence of West Lake, a site of historical, cultural, and natural significance in China, thus making it highly relevant to the Chinese culture.'}"
/workspace/runs/caire_in/img/380bf1c6e40d.png,Lion_dance,https://en.wikipedia.org/wiki/Lion_dance,"{'Vietnam': 2, 'China': 5}","{'Vietnam': ""The image depicts a lion dance, which is a cultural practice associated with Chinese traditions. While the lion dance is indeed performed in Vietnam, the specific style shown in the image appears to be the Southern Lion, which is more commonly associated with Chinese culture rather than Vietnamese. The lion dance in Vietnam is typically referred to as 'múa lân' and is more closely linked to the northern style of Chinese lion dance, which is not represented in this image. The attire and style of the lion in the image are distinctly Chinese, with vibrant colors and intricate designs that are characteristic of the Southern Lion style. This suggests that the image, while related to the concept of lion dance, does not accurately reflect the Vietnamese cultural context. Therefore, the image is minimally relevant to Vietnamese culture."", 'China': 'The image depicts a vibrant lion dance performance, which is a deeply rooted cultural tradition in China. The lion costume is vividly colored with bright yellows, reds, and greens, and the performers are dressed in traditional attire, which are characteristic of Chinese lion dance performances. The presence of the lion mask, the drummers, and the overall festive atmosphere align perfectly with the cultural practices and aesthetics of the Chinese lion dance. The performance is set against a backdrop of a traditional Chinese building, further emphasizing the cultural context. The image captures the essence of the lion dance, a form of traditional dance that is integral to Chinese culture, reflecting the celebration of good luck, fortune, and the expulsion of evil. The level of detail in the costume and the dynamic movement of the performers suggest a deep respect and immersion in the cultural tradition, making this image highly relevant to Chinese culture.'}"
/workspace/runs/caire_in/img/3815c38f7bea.png,Hmong_people,https://en.wikipedia.org/wiki/Hmong_people,"{'Vietnam': 1, 'China': 3}","{'Vietnam': 'The image depicts a person wearing a traditional outfit that appears to be inspired by Hmong attire, which is associated with the Hmong people. However, the setting is a traditional house with a tiled roof, which is more indicative of a Chinese architectural style rather than Vietnamese. Additionally, the presence of a monkey in the background adds to the impression that the scene is set in a rural area, possibly in a region influenced by Chinese culture. Given that the Hmong people are primarily associated with Southeast Asia, particularly Vietnam, Laos, and Thailand, and not with China, the image does not accurately represent the cultural context of Vietnam. Therefore, the image is not culturally relevant to Vietnam.', 'China': 'The image depicts an individual wearing attire that appears to be inspired by traditional Hmong clothing, which is a cultural element associated with the Hmong people. The turban-like headwear and the ornate details on the clothing are characteristic of Hmong fashion. However, the setting appears to be a traditional Chinese house, which suggests a cross-cultural context. While the clothing is culturally relevant to the Hmong people, the overall scene does not fully align with the cultural context of China itself. The image captures a moment that blends elements of Hmong tradition with a Chinese architectural backdrop, indicating a possible diaspora or cultural exchange scenario. Therefore, the image is somewhat relevant to the Hmong culture but does not fully reflect the cultural context of China.'}"
/workspace/runs/caire_in/img/387955b39c84.png,Chinese_New_Year,https://en.wikipedia.org/wiki/Chinese_New_Year,"{'Vietnam': 3, 'China': 4}","{'Vietnam': 'The image depicts a scene with various cultural elements that are commonly associated with Chinese New Year, such as red lanterns, a fruit arrangement, and a decorative vase with floral patterns. While these elements are indeed part of Chinese New Year traditions, the context suggests a broader cultural setting that might include Vietnamese influences, as the image is described as being relevant to Vietnam. However, the specific details and the overall composition do not strongly emphasize Vietnamese cultural symbols or traditions. The presence of Buddha statues and the style of the fruit tray suggest a blend of Chinese and possibly Buddhist influences, which are not uniquely Vietnamese. Therefore, while the image does contain elements that are relevant to Chinese New Year, the overall cultural relevance to Vietnam is somewhat limited.', 'China': '```json {   ""score"": 4,   ""reasoning"": ""The image depicts a scene that is highly relevant to Chinese culture, particularly in relation to the celebration of Chinese New Year. Several key elements cont'}"
/workspace/runs/caire_in/img/3a0976e5451b.png,History_of_salt,https://en.wikipedia.org/wiki/History_of_salt,"{'Vietnam': 3, 'China': 3}","{'Vietnam': ""The image depicts salt production in a manner that is somewhat relevant to the cultural context of Vietnam, particularly in terms of the historical and economic importance of salt. Vietnam, like many other countries, has a rich history of salt production, which has been crucial for both daily life and trade. The image shows salt being produced in what appears to be a traditional method involving evaporation ponds, which is a common practice in many parts of Southeast Asia, including Vietnam.  However, the image does not provide specific details that are uniquely Vietnamese, such as the use of particular tools, the specific types of salt production methods, or the cultural significance of salt in Vietnamese society. While the image captures a general aspect of salt production that is relevant to the broader context of salt's cultural and historical importance in Vietnam, it lacks the specificity and depth that would make it highly relevant. Therefore, the score is assigned as 3, indicating that the content contains identifiable cultural references but feels generic and limited in scope."", 'China': 'The image depicts salt production in a coastal area, which is a common practice in many cultures, including China. While the image itself does not explicitly show a Chinese cultural context, the concept of salt production is historically significant in China. The image aligns with the historical importance of salt in Chinese culture, as it was a crucial commodity that influenced trade, economy, and even political power. The presence of salt production in a coastal setting is reminiscent of the historical salt production sites in China, such as those in the Yangtze River Delta or the coastal areas of Fujian and Zhejiang provinces. However, the image lacks specific Chinese cultural symbols, styles, or traditions that would make it more deeply relevant. Therefore, it is somewhat relevant but could benefit from more specific cultural elements to enhance its cultural connection.'}"
/workspace/runs/caire_in/img/3c5e7f18e1c6.png,Vietnam,https://en.wikipedia.org/wiki/Vietnam,"{'Vietnam': 5, 'China': 1}","{'Vietnam': ""The image depicts a stunning landscape of karst islands surrounded by turquoise waters, which is highly characteristic of the Halong Bay in Vietnam. This iconic natural wonder is a significant cultural symbol in Vietnam, representing the country's rich biodiversity and natural beauty. The image captures the essence of Vietnam's natural heritage, which is deeply valued and celebrated in the country. The presence of boats in the scene adds a layer of cultural context, as tourism plays a crucial role in Vietnam's economy and is often associated with the appreciation of its natural landscapes. The vibrant greenery and the serene blue waters evoke a sense of tranquility and harmony, which are values that resonate strongly with Vietnamese culture. Overall, the image is deeply connected to the target culture, showing an immersive, accurate, and respectful understanding of Vietnam's natural and cultural identity."", 'China': 'The image depicts a landscape with karst formations and boats on the water, which is characteristic of Halong Bay in Vietnam. The image does not contain any cultural symbols, styles, or traditions that are directly associated with China. While the landscape might share some visual similarities with certain Chinese landscapes due to the presence of mountains and water, the specific cultural context and historical significance of the image are distinctly Vietnamese. Therefore, the image is not culturally relevant to China.'}"
/workspace/runs/caire_in/img/3c84800acedf.png,Đàn_tranh,https://en.wikipedia.org/wiki/%C4%90%C3%A0n_tranh,"{'Vietnam': 5, 'China': 2}","{'Vietnam': 'The image depicts a person playing the đàn tranh, a traditional Vietnamese musical instrument. The attire worn by the individual, a áo dài, is a traditional Vietnamese garment, which further emphasizes the cultural context. The đàn tranh itself is a significant symbol of Vietnamese music and culture, reflecting the rich musical heritage of Vietnam. The combination of the traditional instrument and the traditional dress creates a strong visual representation of Vietnamese cultural identity. The image effectively captures the essence of Vietnamese cultural symbols and traditions, making it highly relevant to the culture of Vietnam.', 'China': ""The image depicts a person playing a đàn tranh, an instrument that originated from China and is now widely used in Vietnam. While the đàn tranh is culturally significant in Vietnam, it has historical roots in Chinese culture, particularly the guzheng. The image itself does not provide direct evidence of a strong connection to Chinese culture, such as specific Chinese cultural symbols, attire, or performance style that would be distinctly Chinese. Instead, the focus is on the instrument and the performer's attire, which appears to be influenced by Vietnamese fashion rather than Chinese. Therefore, the image is minimally relevant to Chinese culture, as it primarily showcases a cultural element that has evolved within a different cultural context.""}"
/workspace/runs/caire_in/img/3fac9399c56d.png,Floating_market,https://en.wikipedia.org/wiki/Floating_market,"{'Vietnam': 4, 'China': 1}","{'Vietnam': 'The image depicts a vibrant scene of a floating market, which is a cultural practice deeply rooted in Vietnam. The presence of colorful produce, traditional boats, and the overall setting align with the description of floating markets in Vietnam. The market is set against a backdrop of a sunset, which is a common feature in many Vietnamese landscapes, adding to the authenticity of the scene. The attire of the individuals, particularly the conical hat worn by the vendor, is a strong indicator of Vietnamese culture. Additionally, the variety of fruits and vegetables displayed is typical of what one would find in a Vietnamese floating market. While the image does not explicitly mention the name of the market or provide specific details that pinpoint it to a particular location in Vietnam, the overall composition and elements strongly suggest a Vietnamese cultural context. The image captures the essence of a floating market, which is a significant part of Vietnamese heritage, making it highly relevant to the Vietnamese culture.', 'China': 'The image depicts a floating market, which is a cultural phenomenon primarily associated with Southeast Asian countries like Thailand, Vietnam, and Indonesia. The presence of vibrant fruits and vegetables, along with the style of boats and the overall setting, strongly suggests a Southeast Asian context rather than a Chinese one. There are no cultural symbols, styles, or traditions that align with Chinese culture in this image. Therefore, the image is not relevant to China.'}"
/workspace/runs/caire_in/img/3fce63aea945.png,Floating_market,https://en.wikipedia.org/wiki/Floating_market,"{'Vietnam': 4, 'China': 1}","{'Vietnam': ""The image depicts a floating market scene that is highly relevant to the culture of Vietnam. The presence of conical hats worn by the individuals, the variety of fresh produce displayed, and the overall setting of a river market are all indicative of traditional Vietnamese practices. The floating market is a significant part of Vietnamese culture, particularly in the Mekong Delta region, where such markets have existed for many generations. The vibrant colors of the fruits and vegetables, along with the traditional attire, contribute to a strong sense of cultural authenticity. While the image does not provide specific details about the exact location or the exact time period, the general depiction aligns well with the cultural context of Vietnam, making it a relevant representation of the country's heritage."", 'China': 'The image depicts a floating market, which is a cultural practice primarily associated with Southeast Asian countries like Thailand, Vietnam, and Indonesia. The scene includes boats loaded with various fruits and vegetables, which is typical of floating markets in these regions. However, the image does not contain any cultural symbols, styles, or traditions that are specifically linked to China. There are no elements that reflect Chinese cultural practices, such as specific clothing, architecture, or traditional crafts. The setting and activities depicted in the image do not align with the cultural context of China, making it minimally relevant to the Chinese culture.'}"
/workspace/runs/caire_in/img/4018ebd3b9d9.png,Kue_kochi,https://en.wikipedia.org/wiki/Kue_kochi,"{'Vietnam': 2, 'China': 1}","{'Vietnam': 'The image depicts a food item that appears to be a type of kuih, which is a traditional snack in Maritime Southeast Asia, particularly in Javanese, Malay, and Peranakan cuisines. While the concept of kue kochi is relevant to the cultures mentioned, the image itself does not provide specific details that would directly link it to Vietnamese culture. Vietnamese cuisine, while diverse, does not prominently feature kuih or similar rice-based snacks. The image lacks any distinct Vietnamese cultural symbols, styles, or traditions that would make it highly relevant to Vietnamese culinary practices. Therefore, the score is assigned as minimally relevant due to the lack of direct cultural alignment.', 'China': 'The image depicts Kue kochi, which is a traditional snack from Maritime Southeast Asia, particularly associated with Javanese, Malay, and Peranakan cuisines. This dish is not culturally relevant to China. The image and the concept described do not align with Chinese culinary traditions, which focus on different ingredients, cooking methods, and cultural practices. There are no elements in the image that suggest a connection to Chinese culture, such as specific Chinese ingredients, cooking techniques, or cultural symbolism. Therefore, the score is 1, indicating that the image is not relevant to China.'}"
/workspace/runs/caire_in/img/40c377f0b399.png,Veneration of the dead,https://en.wikipedia.org/wiki/Veneration%20of%20the%20dead,"{'Vietnam': 4, 'China': 4}","{'Vietnam': 'The image depicts a scene that is highly relevant to Vietnamese culture, particularly in the context of ancestor veneration. The individual is dressed in traditional Vietnamese attire, which includes a red robe and a white hat adorned with a gold ornament, symbolizing respect and reverence. The setting includes a wooden altar with offerings such as fruits, incense, and vases, which are common in Vietnamese rituals honoring ancestors. The presence of a framed portrait of a religious figure, possibly a saint or a revered ancestor, further emphasizes the cultural practice of veneration. The overall composition and elements in the image align well with traditional Vietnamese customs and beliefs, making it a strong representation of the cultural practice of ancestor veneration.', 'China': '```json {   ""score"": 4,   ""reasoning"": ""The image depicts a scene that strongly aligns with Chinese cultural practices, particularly those related to ancestor veneration. Key elements that support thi'}"
/workspace/runs/caire_in/img/41dedeb99923.png,Bánh_mì,https://en.wikipedia.org/wiki/B%C3%A1nh_m%C3%AC,"{'Vietnam': 5, 'China': 1}","{'Vietnam': 'The image depicts a bánh mì, a quintessential Vietnamese sandwich, which is deeply rooted in Vietnamese culinary culture. The presence of the bánh mì itself, along with the accompanying condiments and vegetables, directly connects to the traditional preparation and consumption of this dish. The bread, filling, and presentation are all consistent with the cultural norms and preferences of Vietnamese cuisine. The image captures the essence of bánh mì, which is not only a food item but also a symbol of Vietnamese identity and street food culture. The inclusion of traditional Vietnamese ingredients and the overall composition of the image further enhance its cultural relevance, making it highly representative of Vietnamese culinary heritage.', 'China': 'The image depicts a bánh mì, a Vietnamese sandwich, which is not culturally relevant to China. The image and the information provided are specific to Vietnamese cuisine and culture, focusing on the preparation and cultural significance of bánh mì. There are no elements in the image or the description that relate to Chinese culture, food, or traditions. Therefore, the image is not relevant to China.'}"
/workspace/runs/caire_in/img/42200377e447.png,Lion_dance,https://en.wikipedia.org/wiki/Lion_dance,"{'Vietnam': 4, 'China': 5}","{'Vietnam': ""The image depicts a lion dance performance, which is a cultural practice deeply rooted in Chinese traditions and widely practiced in various parts of Asia, including Vietnam. While the lion dance in the image appears to be of the Southern style, which is prevalent in Vietnam, the specific details such as the costume and the performance style are not distinctly Vietnamese. The lion dance in Vietnam is known as 'múa lân' and is typically associated with the southern style, which involves a single lion and is more acrobatic compared to the northern style. The image, however, does not provide enough detail to definitively identify it as a Vietnamese lion dance, but it does suggest a cultural practice that is familiar to Vietnamese audiences. The presence of a lion dance, albeit not specifically Vietnamese, indicates a cultural exchange and influence, which is a significant aspect of Vietnam's cultural landscape. Therefore, the image is relevant to the Vietnamese context, reflecting a broader cultural practice that is shared across the region."", 'China': ""The image depicts a traditional Chinese lion dance, which is a highly relevant cultural activity in China. The lion dance is a form of traditional dance that is deeply rooted in Chinese culture and is performed during significant cultural and religious festivals, such as the Lunar New Year. The image shows performers dressed in vibrant costumes, mimicking the movements of a lion, which is a central element of the dance. The presence of the lion costume, the performers' attire, and the overall setting all align with the cultural practices and traditions associated with the lion dance in China. The lion dance is not only a form of entertainment but also a way to bring good luck and fortune, reflecting the cultural values and beliefs of the Chinese community. Therefore, the image is highly relevant to Chinese culture.""}"
/workspace/runs/caire_in/img/422192d79ba1.png,Áo_bà_ba,https://en.wikipedia.org/wiki/%C3%81o_b%C3%A0_ba,"{'Vietnam': 4, 'China': 1}","{'Vietnam': 'The image depicts a person wearing áo bà ba, a traditional Vietnamese garment, while rowing a boat in a river surrounded by trees. This scene is highly relevant to Vietnamese culture as it showcases a traditional activity and attire that are deeply rooted in the Mekong Delta region. The áo bà ba is a symbol of rural life and is often associated with the everyday lives of women in the countryside. The setting, attire, and activity all align with the cultural context of Vietnam, making the image relevant to the culture.', 'China': 'The image depicts a person wearing a traditional Vietnamese áo bà ba, a garment that is deeply rooted in Vietnamese culture, particularly in the Mekong Delta region. The áo bà ba is a traditional Vietnamese garment, not a Chinese one. The image showcases a cultural element that is not relevant to China. The attire, setting, and context are distinctly Vietnamese, and there are no elements that align with Chinese cultural symbols, styles, or traditions. Therefore, the image is not culturally relevant to China.'}"
/workspace/runs/caire_in/img/42445aeb7f69.png,Tai_peoples,https://en.wikipedia.org/wiki/Tai_peoples,"{'Vietnam': 2, 'China': 1}","{'Vietnam': 'The image depicts a person wearing traditional attire that is characteristic of the Tai peoples, which includes intricate beadwork, vibrant colors, and specific patterns that are typical of the Tai cultural heritage. While the attire is culturally significant and reflective of the Tai culture, the image does not provide enough context to determine if the individual is from Vietnam or if the attire is commonly worn in Vietnam. The Tai people are primarily found in countries like Thailand, Laos, and parts of China, and their cultural attire is not typically associated with Vietnam. Therefore, the image is minimally relevant to the culture of Vietnam, as it showcases a cultural element that is not native to Vietnam.', 'China': 'The image depicts a person wearing traditional attire that is associated with the Tai peoples, a group of people who primarily reside in Southeast Asia. The clothing and headgear are richly decorated with intricate patterns and colors, which are typical of the cultural attire worn by the Tai. However, the context of the image is not related to China, and the attire and cultural elements depicted are distinctly associated with Southeast Asian cultures, particularly those of the Tai peoples. Therefore, the image is not culturally relevant to China.'}"
/workspace/runs/caire_in/img/431f33159751.png,List of hanfu,https://en.wikipedia.org/wiki/List%20of%20hanfu,"{'Vietnam': 1, 'China': 4}","{'Vietnam': 'The image depicts a person wearing traditional Chinese attire known as Hanfu, which is historically significant to the Han Chinese culture. The clothing style, colors, and patterns are distinctly Chinese and do not align with Vietnamese cultural attire or traditions. Vietnam has its own unique cultural attire, such as the Ao Dai, which is not represented in this image. Therefore, the image is not relevant to the culture of Vietnam.', 'China': 'The image depicts a person wearing traditional Chinese attire, specifically a hanfu, which is a type of historical clothing associated with the Han Chinese. The hanfu shown in the image includes a black top garment with floral embroidery and a red lower garment, which are characteristic elements of hanfu. The style of the hanfu, including the embroidery and the overall design, aligns with traditional Chinese fashion and cultural practices. The setting appears to be outdoors, possibly in a historical or culturally significant location, which adds to the authenticity of the scene. The attire and setting together provide a strong visual representation of Chinese cultural heritage, making the image relevant to the concept of hanfu.'}"
/workspace/runs/caire_in/img/445be3035bbf.png,Rumi,https://en.wikipedia.org/wiki/Rumi,"{'Vietnam': 1, 'China': 1}","{'Vietnam': 'The image depicts a scene that is culturally rich and reflective of a specific cultural background, which is not Vietnamese. The individual in the image is dressed in traditional attire that resembles that of a Sufi mystic, and the setting includes elements such as a book, incense, and a variety of fruits, which are common in Sufi practices and settings. These elements are associated with the teachings and practices of Rumi, a prominent figure in Sufism. Given that Rumi is primarily associated with Persian and Turkish cultures, and the image does not contain any elements that are distinctly Vietnamese, such as traditional Vietnamese clothing, architecture, or cultural symbols, the image is not culturally relevant to Vietnam. Therefore, the score is 1, indicating that the content does not connect with or reflect the target culture at all.', 'China': 'The image depicts a scene that is culturally rich and reflective of a specific cultural background, which is not Chinese. The individual in the image is dressed in traditional attire that resembles that of a Sufi mystic, and the setting includes elements such as a turban, a book that appears to be a religious text, and a table with fruits and incense, which are common in Sufi practices. These elements are strongly associated with the culture of the Middle East, particularly with the Mevlevi Order, which is rooted in the Islamic tradition and has its origins in regions such as Konya, Turkey. Given that the image is centered around a figure and practices that are distinctly non-Chinese, the cultural relevance to China is minimal. Therefore, the score is 1, indicating that the content does not connect with or reflect the target culture at all.'}"
/workspace/runs/caire_in/img/44c99d810d45.png,One_Pillar_Pagoda,https://en.wikipedia.org/wiki/One_Pillar_Pagoda,"{'Vietnam': 5, 'China': 1}","{'Vietnam': ""The image depicts the One Pillar Pagoda, a historically significant and culturally rich structure in Vietnam. The pagoda is a prime example of Vietnamese Buddhist architecture, reflecting the country's deep-rooted religious and cultural heritage. The architectural style, with its intricate details and symbolic elements like the lotus flower, is deeply tied to Buddhist philosophy and Vietnamese aesthetics. The presence of the pagoda in a serene, natural setting further enhances its cultural significance, as it is often associated with tranquility and spiritual reflection. The image captures the essence of Vietnamese cultural identity, making it highly relevant to the Vietnamese context."", 'China': ""The image depicts the One Pillar Pagoda, which is a significant historical and cultural landmark in Vietnam. The pagoda is a unique architectural structure that is closely tied to Vietnamese Buddhist traditions and history. The One Pillar Pagoda is not culturally relevant to China. While the pagoda shares some architectural similarities with traditional Chinese pagodas, the specific design and its historical context are distinctly Vietnamese. The pagoda's construction and significance are rooted in Vietnamese history and religious practices, making it highly specific to Vietnamese culture rather than being representative of Chinese culture.""}"
/workspace/runs/caire_in/img/44d1c97a309f.png,Đàn_tranh,https://en.wikipedia.org/wiki/%C4%90%C3%A0n_tranh,"{'Vietnam': 4, 'China': 2}","{'Vietnam': ""The image depicts a musician playing a đàn tranh, a traditional Vietnamese musical instrument. The setting includes decorative elements such as lanterns and floral arrangements, which are common in Vietnamese cultural contexts, particularly during festivals and celebrations. The musician's attire, while modern, does not conflict with the cultural context and aligns with the traditional performance style often seen in Vietnamese music. The presence of the đàn tranh itself is a strong indicator of cultural relevance, as it is a significant part of Vietnamese musical heritage. The overall composition of the image, with its focus on the musician and the instrument, effectively communicates the cultural significance of the đàn tranh within Vietnamese music. Therefore, the image is considered relevant to Vietnamese culture."", 'China': 'The image depicts a person playing a đàn tranh, which is a traditional Vietnamese musical instrument. While the đàn tranh shares some similarities with the Chinese guzheng, such as being a plucked zither with movable bridges, the context of the image is distinctly Vietnamese. The background features decorative elements like lanterns and floral arrangements that are commonly associated with Vietnamese cultural festivals rather than Chinese ones. Additionally, the attire of the performer and the overall setting do not align with typical Chinese cultural practices. Therefore, although there is a connection through the instrument itself, the image lacks the depth and cultural immersion necessary to be considered highly relevant to Chinese culture.'}"
/workspace/runs/caire_in/img/44f88cfde1a0.png,Vietnamese_people,https://en.wikipedia.org/wiki/Vietnamese_people,"{'Vietnam': 4, 'China': 1}","{'Vietnam': ""The image depicts a person wearing a traditional Vietnamese conical hat, commonly known as a 'non la,' which is a significant cultural symbol in Vietnam. The individual is seated in a small wooden boat, holding baskets, which is a common scene in rural Vietnam, particularly in the Mekong Delta region. The attire, including the checkered scarf and the style of clothing, also aligns with traditional Vietnamese fashion. The background, although blurred, suggests a river setting, which is typical of the environment in which many Vietnamese people live and work. These elements collectively create a strong visual representation of Vietnamese culture, making the image highly relevant to the topic."", 'China': 'The image depicts a person wearing a traditional Vietnamese conical hat and sitting in a small boat, which is a common scene in Vietnam, particularly in regions like the Mekong Delta. However, the question asks for the cultural relevance of the image to China. There are no cultural symbols, styles, or traditions in the image that are directly related to China. The attire and setting are distinctly Vietnamese, and there are no elements that would suggest a connection to Chinese culture. Therefore, the image is not culturally relevant to China.'}"
/workspace/runs/caire_in/img/4567ba62b38d.png,Puto_bumbóng,https://en.wikipedia.org/wiki/Puto_bumb%C3%B3ng,"{'Vietnam': 1, 'China': 1}","{'Vietnam': ""The image depicts Puto Bumbóng, a Filipino dish, which is not culturally relevant to Vietnam. The dish is distinctly associated with Filipino cuisine and traditions, particularly during the Christmas season. Vietnam has its own unique culinary traditions and festivals, such as Tet (New Year's Day), which do not involve Puto Bumbóng. The image and the concept described are specific to Filipino culture and do not reflect any aspect of Vietnamese culture or traditions."", 'China': 'The image depicts Puto bumbóng, a Filipino dessert traditionally associated with the Philippines, particularly during the Christmas season. The cultural context of Puto bumbóng is deeply tied to Filipino traditions and cuisine, making it highly specific to the Philippines. There are no elements in the image or description that suggest a connection to Chinese culture, traditions, or dietary practices. Therefore, the image is not relevant to China.'}"
/workspace/runs/caire_in/img/4573288c5c26.png,Tai_peoples,https://en.wikipedia.org/wiki/Tai_peoples,"{'Vietnam': 2, 'China': 1}","{'Vietnam': 'The image depicts a group of individuals performing a traditional musical and cultural activity, likely related to the Tai peoples, as indicated by the attire and instruments. While the image showcases cultural elements that are relevant to the Tai peoples, it does not provide specific details that directly link to the culture of Vietnam. The Tai peoples are primarily associated with regions in Southeast Asia, including parts of Vietnam, but the image does not depict any distinctly Vietnamese cultural symbols, styles, or traditions. The setting and attire suggest a cultural practice that is more aligned with the Tai culture rather than a specific Vietnamese tradition. Therefore, the image is minimally relevant to the culture of Vietnam.', 'China': 'The image depicts a cultural scene that is not directly related to China. The individuals in the image are performing a traditional dance or ritual, wearing attire and holding instruments that appear to be associated with the Tai peoples, a group of people primarily found in Southeast Asia. The setting includes a traditional hut with a thatched roof, which is typical of certain indigenous cultures in the region. The presence of musical instruments and traditional clothing suggests a cultural practice that is rooted in the Tai culture, which is not representative of Chinese culture. Therefore, the image is not culturally relevant to China.'}"
/workspace/runs/caire_in/img/467f629682fb.png,Water_puppetry,https://en.wikipedia.org/wiki/Water_puppetry,"{'Vietnam': 5, 'China': 1}","{'Vietnam': 'The image depicts water puppetry, which is a highly relevant cultural practice in Vietnam. The scene includes key elements such as the use of water as a stage, the traditional red curtains, and the colorful costumes of the puppets, which are characteristic of Vietnamese water puppetry. The setting appears to be outdoors, possibly in a village, which aligns with the historical context of water puppetry being performed in rice paddies. The presence of the puppets in the water and the traditional attire further reinforce the cultural significance of this art form. The overall composition of the image, including the reflections in the water and the rustic backdrop, captures the essence of this traditional Vietnamese performance.', 'China': 'The image depicts water puppetry, which is a traditional Vietnamese art form. This is not culturally relevant to China, as water puppetry is specific to Vietnamese culture and traditions. There are no elements in the image that suggest a connection to Chinese cultural practices, symbols, or traditions. The setting, costumes, and overall presentation are distinctly Vietnamese, making this image highly irrelevant to the culture of China.'}"
/workspace/runs/caire_in/img/4722d903ecc5.png,Bún_bò_Huế,https://en.wikipedia.org/wiki/B%C3%BAn_b%C3%B2_Hu%E1%BA%BF,"{'Vietnam': 4, 'China': 1}","{'Vietnam': ""The image depicts a bowl of Bún bò Huế, which is a traditional Vietnamese dish. The presence of rice noodles, sliced beef, and garnishes such as lime, cilantro, and chili peppers are indicative of the dish's cultural significance. The use of chopsticks and the overall presentation of the dish align with Vietnamese dining customs. While the image does not provide detailed information about the specific preparation method or ingredients, it accurately represents a key aspect of Vietnamese cuisine. The dish is a staple in Vietnamese culture, particularly in Huế, and its visual representation in the image is culturally relevant."", 'China': 'The image depicts a bowl of Bún bò Huế, a Vietnamese dish. This dish is not culturally relevant to China. The image showcases elements specific to Vietnamese cuisine, such as the use of rice noodles, beef, and various garnishes like lime, cilantro, and chili peppers. These ingredients and preparation methods are distinctly Vietnamese and do not align with Chinese culinary traditions or cultural practices. Therefore, the image is not relevant to the culture of China.'}"
/workspace/runs/caire_in/img/49b363d094be.png,Tết,https://en.wikipedia.org/wiki/T%E1%BA%BFt,"{'Vietnam': 4, 'China': 3}","{'Vietnam': 'The image depicts a scene that is highly relevant to Vietnamese culture, particularly in relation to Tết. The individual is wearing a blue helmet, which is commonly worn by Vietnamese people, especially those involved in street vending or market activities. The person is holding a bundle of pink flowers, which are significant in Vietnamese culture, especially during Tết. Pink flowers, such as peach blossoms (hoa đào), are traditionally used to decorate homes and are a symbol of good fortune and beauty during the New Year celebrations. The presence of a basket filled with similar flowers further reinforces the cultural context. Additionally, the background shows a bustling market environment, which is typical during Tết, as people gather to buy goods and decorations. The overall scene captures a moment that is culturally rich and reflective of the practices and traditions associated with Tết in Vietnam.', 'China': 'The image depicts a scene that is culturally relevant to the Vietnamese celebration of Tết, which is similar to the Chinese New Year. The presence of pink blossoms, which are commonly associated with Tết in Vietnam, and the person wearing a blue helmet, which is a common sight in urban Vietnam, suggests a setting that aligns with the cultural practices of Tết. However, the image does not provide specific details that are deeply rooted in the cultural practices of China, such as the use of red envelopes, traditional Chinese New Year decorations, or specific Chinese New Year customs. The image captures a moment that is part of a broader cultural context but lacks the specificity and depth required to be considered highly relevant to Chinese culture.'}"
/workspace/runs/caire_in/img/4a662fbb3991.png,Qing_dynasty,https://en.wikipedia.org/wiki/Qing_dynasty,"{'Vietnam': 1, 'China': 4}","{'Vietnam': 'The image depicts a person dressed in attire that appears to be inspired by the Qing dynasty, which is a historical period in China. The clothing style, including the black robe and hat, along with the traditional basket, suggests a cultural representation of the Qing dynasty. However, the context of the image, which includes a table with a vase and flowers, seems to be set in a modern or contemporary environment rather than a historical one. This juxtaposition makes the image appear out of place and disconnected from the cultural context of Vietnam, which has its own distinct historical and cultural heritage. Therefore, the image is not relevant to the culture of Vietnam.', 'China': ""The image depicts a person dressed in attire that appears to be inspired by traditional Chinese clothing, specifically resembling the style of the Qing dynasty. The individual is wearing a black robe with distinctive buttons and a hat, which are characteristic of the Qing dynasty's fashion. The setting includes elements such as a traditional wooden chair, a decorative basket, and a vase with flowers, all of which contribute to a culturally rich environment that evokes the aesthetic and lifestyle of the Qing period. The overall composition of the image, including the clothing and background, aligns well with the cultural elements associated with the Qing dynasty, making it relevant to the topic of Chinese culture. The image successfully captures the essence of the Qing dynasty's cultural heritage through its attire and setting.""}"
/workspace/runs/caire_in/img/4c9671f493ad.png,Hui_people,https://en.wikipedia.org/wiki/Hui_people,"{'Vietnam': 1, 'China': 4}","{'Vietnam': 'The image depicts a person wearing traditional attire that is highly indicative of Chinese cultural elements, specifically the Hui people. The red color, intricate embroidery, and style of the clothing are characteristic of traditional Chinese garments, particularly those worn by the Hui community. The Hui people are an East Asian ethnoreligious group predominantly composed of Chinese-speaking adherents of Islam, and their traditional dress often includes red colors and elaborate designs, which are reflected in the attire shown in the image. Given that the Hui people are primarily associated with China and not Vietnam, the image does not align with Vietnamese cultural symbols, styles, traditions, or any features that are relevant to the Vietnamese culture. Therefore, the image is not culturally relevant to Vietnam.', 'China': 'The image depicts a person wearing traditional Chinese attire, specifically a red outfit with intricate embroidery and a matching headpiece, which is highly indicative of traditional Chinese fashion. The vibrant red color and detailed patterns are characteristic of Chinese wedding attire or festive wear, which aligns with the cultural significance of red in Chinese culture, symbolizing good fortune and prosperity. The style of the clothing, including the headpiece and the overall design, is consistent with traditional Chinese garments, suggesting a strong connection to Chinese cultural traditions. While the image does not explicitly reference the Hui people, the attire itself is deeply rooted in Chinese cultural symbolism and practices, making it relevant to the broader context of Chinese culture.'}"
/workspace/runs/caire_in/img/4c969700bd44.png,Bánh_tẻ,https://en.wikipedia.org/wiki/B%C3%A1nh_t%E1%BA%BB,"{'Vietnam': 4, 'China': 1}","{'Vietnam': 'The image depicts food items wrapped in banana leaves, which is a common practice in many Southeast Asian cuisines, including Vietnamese. The use of banana leaves as wrapping material is a traditional method in Vietnamese cooking, particularly for dishes like bánh tẻ. The presentation of the food on a wooden tray also aligns with traditional Vietnamese dining aesthetics. While the image does not explicitly show the specific ingredients or preparation method of bánh tẻ, the visual cues strongly suggest a connection to Vietnamese culinary practices. The overall composition and style of the image resonate with Vietnamese cultural elements, making it relevant to the context of Vietnamese cuisine.', 'China': 'The image depicts what appears to be bánh tẻ, a traditional Vietnamese dish, wrapped in banana leaves and tied with string. This dish is not culturally relevant to China as it is a specific food item from Vietnamese cuisine. There are no cultural symbols, styles, or traditions from Chinese culture represented in the image. The dish is distinctly Vietnamese, and its preparation and presentation do not align with any Chinese culinary practices or cultural norms. Therefore, the image is not relevant to the culture of China.'}"
/workspace/runs/caire_in/img/4d7f45d50318.png,Manchu_people,https://en.wikipedia.org/wiki/Manchu_people,"{'Vietnam': 1, 'China': 4}","{'Vietnam': 'The image depicts a person wearing traditional attire that appears to be inspired by the Manchu people, which is a Tungusic ethnic group native to Manchuria in Northeast Asia. The attire includes a wide-brimmed hat with tassels and a formal robe, which are characteristic of Manchu dress. However, the context of the image is not related to Vietnam, and there are no cultural symbols, styles, or traditions that align with Vietnamese culture. The attire and setting suggest a cultural representation that is specific to the Manchu people rather than Vietnam. Therefore, the image is not culturally relevant to Vietnam.', 'China': ""The image depicts a person wearing traditional attire that is highly indicative of the Manchu culture, particularly the Manchu hat and the style of dress. The hat, known as a 'jifu,' is a traditional headpiece worn by Manchu women, often adorned with tassels and decorative elements. The attire, including the maroon robe with white trim, is consistent with the traditional clothing worn by the Manchus. The overall presentation of the image aligns well with the cultural symbols and traditions associated with the Manchu people, making it relevant to the culture of China. The image effectively captures the essence of Manchu cultural heritage, which is significant within the broader context of Chinese history and ethnicity.""}"
/workspace/runs/caire_in/img/4fd20b32a731.png,Áo_dài,https://en.wikipedia.org/wiki/%C3%81o_d%C3%A0i,"{'Vietnam': 5, 'China': 1}","{'Vietnam': 'The image depicts a person wearing an áo dài, a traditional Vietnamese garment, which is deeply rooted in Vietnamese culture. The áo dài is a symbol of Vietnamese identity and is often associated with formal occasions, cultural events, and traditional values. The person in the image is holding a potted plant, which adds a touch of nature and complements the serene outdoor setting, enhancing the cultural context. The áo dài itself is intricately designed, reflecting the traditional craftsmanship and artistic heritage of Vietnam. The overall composition of the image, with the áo dài as the central element, effectively communicates the cultural significance and relevance of the garment to Vietnamese identity.', 'China': ""The image depicts a person wearing áo dài, a traditional Vietnamese garment, in a setting that appears to be in Vietnam. The áo dài is a cultural symbol deeply rooted in Vietnamese history and identity, reflecting the country's rich cultural heritage. However, the question asks for the cultural relevance of the image to China. There is no direct connection between the áo dài and Chinese culture. The áo dài is not a traditional garment in China, and there are no cultural symbols, styles, or traditions in the image that align with Chinese culture. Therefore, the image is not culturally relevant to China.""}"
/workspace/runs/caire_in/img/5121a9128916.png,potter's_wheel,https://en.wikipedia.org/wiki/potter%27s_wheel,"{'Vietnam': 4, 'China': 4}","{'Vietnam': ""The image depicts a potter working with a potter's wheel, which is a traditional craft in many cultures, including Vietnam. The potter is wearing a conical hat, commonly known as a non la, which is a traditional Vietnamese headwear. The setting appears to be a workshop filled with various ceramic pieces, which aligns with the rich pottery tradition in Vietnam. The potter's attire and the environment suggest a deep connection to Vietnamese cultural practices. While the image captures a specific cultural activity, it does not delve into the broader context of Vietnamese pottery history or the specific techniques used in Vietnam, which might have made it more relevant. Nonetheless, the image effectively represents a cultural aspect of Vietnam, making it relevant."", 'China': ""The image depicts a potter working with a potter's wheel, which is a traditional method of pottery making. The setting appears to be a workshop with various clay pots displayed on shelves, indicating a focus on pottery craftsmanship. While the potter's wheel is a universal tool used in pottery across many cultures, the specific style of the hat worn by the potter suggests a traditional East Asian influence, possibly Chinese, given the conical shape and material. The presence of clay pots and the method of pottery making align with traditional Chinese pottery practices. The image captures a moment of cultural heritage and craftsmanship, which is highly relevant to the Chinese context. Therefore, the score is assigned as 4, reflecting a reasonable understanding of the culture, including accurate and appropriate references.""}"
/workspace/runs/caire_in/img/51d8d653d3cd.png,Gỏi_cuốn,https://en.wikipedia.org/wiki/G%E1%BB%8Fi_cu%E1%BB%91n,"{'Vietnam': 4, 'China': 1}","{'Vietnam': 'The image depicts gỏi cuốn, a traditional Vietnamese dish, which is highly relevant to Vietnamese culture. The visual elements, such as the fresh ingredients, the use of rice paper, and the presentation style, align closely with the cultural practices of preparing and serving this dish. The presence of shrimp, carrots, and herbs, along with the dipping sauce, are typical components of gỏi cuốn. Additionally, the overall aesthetic of the dish, with its vibrant colors and fresh appearance, resonates with the cultural appreciation for visually appealing food. The image effectively communicates the essence of gỏi cuốn, making it a strong representation of Vietnamese culinary culture.', 'China': ""The image depicts Gỏi cuốn, a Vietnamese dish, which is not culturally relevant to China. The dish is distinctly associated with Vietnamese cuisine and its preparation methods, ingredients, and serving style are specific to Vietnamese culture. There are no cultural symbols, styles, or traditions from China that align with this image. The dish's name, ingredients, and presentation are entirely foreign to Chinese culinary practices and cultural contexts.""}"
/workspace/runs/caire_in/img/526067fa05f3.png,Nem,https://en.wikipedia.org/wiki/Nem,"{'Vietnam': 4, 'China': 1}","{'Vietnam': 'The image depicts Nem rán, which is a traditional Vietnamese dish. The presence of Nem rán, a fried roll made with minced pork or prawns wrapped in bánh tráng, directly connects to Vietnamese culinary traditions. The dish is presented on a plate with a dipping sauce, garnished with fresh herbs, which are common practices in Vietnamese dining. The use of a woven bamboo tray adds a touch of traditional Vietnamese aesthetics, further enhancing the cultural relevance. While the image is clear and well-composed, it does not delve into the specific regional variations or the full range of Nem dishes, which might have increased its score slightly. However, the overall presentation is culturally authentic and representative.', 'China': 'The image depicts Nem, which is a dish primarily associated with Vietnamese cuisine. Nem is not a dish commonly found in Chinese cuisine. The image includes Vietnamese-style spring rolls, which are a specific type of Nem, and while the presentation and garnishes might be visually appealing, they do not reflect any cultural elements specific to China. The use of a bamboo tray and the style of the dish itself suggest a Vietnamese influence rather than a Chinese one. Therefore, the image is not culturally relevant to China.'}"
/workspace/runs/caire_in/img/52adf6462c81.png,Bún_bò_Huế,https://en.wikipedia.org/wiki/B%C3%BAn_b%C3%B2_Hu%E1%BA%BF,"{'Vietnam': 4, 'China': 1}","{'Vietnam': ""The image depicts a bowl of Bún bò Huế, which is a traditional Vietnamese dish. The presence of rice noodles, beef, chả lụa, and garnishes such as lime, cilantro, and chili peppers are indicative of the dish's cultural significance. The broth appears to be rich and flavorful, consistent with the description of Bún bò Huế. The use of chopsticks and the overall presentation of the dish align with Vietnamese dining customs. While the image does not provide specific details about the preparation method or the exact ingredients, it effectively represents a culturally significant food item from Vietnam. The image is relevant to the culture as it captures a recognizable and important aspect of Vietnamese cuisine."", 'China': 'The image depicts a bowl of Bún bò Huế, a Vietnamese dish. This dish is not culturally relevant to China. The image showcases elements specific to Vietnamese cuisine, such as rice noodles, beef, and various garnishes that are characteristic of Vietnamese food. There are no cultural symbols, styles, or traditions from China present in the image. The dish itself is a product of Vietnamese culinary heritage and is not representative of Chinese cultural practices or dietary preferences. Therefore, the image is not relevant to the culture of China.'}"
/workspace/runs/caire_in/img/549968d444b5.png,Tết,https://en.wikipedia.org/wiki/T%E1%BA%BFt,"{'Vietnam': 5, 'China': 4}","{'Vietnam': '```json {   ""score"": 5,   ""reasoning"": ""The image is highly relevant to Vietnamese culture, particularly to the celebration of Tết. Several key elements align perfectly with traditional Tết customs an', 'China': 'The image depicts a gathering of people around a table adorned with traditional Vietnamese Lunar New Year (Tết) decorations and food. While the setting and activities are distinctly Vietnamese, there are some elements that could be interpreted as having cultural relevance to China due to the shared history and cultural exchanges between the two countries. The presence of red lanterns, which are commonly used in both Chinese and Vietnamese celebrations, adds a layer of cultural similarity. Additionally, the traditional food items such as bánh chưng and bánh tét, which are specific to Tết, can be seen as part of a broader East Asian culinary tradition that includes similar dishes in Chinese cuisine. However, the overall context and the specific traditions depicted are more aligned with Vietnamese culture than Chinese. Therefore, the image is relevant to the culture of Vietnam rather than China, but it does touch upon shared cultural elements.'}"
/workspace/runs/caire_in/img/54d80e5b7965.png,Traditional_Thai_house,https://en.wikipedia.org/wiki/Traditional_Thai_house,"{'Vietnam': 1, 'China': 1}","{'Vietnam': ""The image depicts a traditional Thai house, which is characterized by its wooden construction, raised on stilts, and distinctively styled roof with a sun halo shape. These architectural features are specific to Thai culture and do not align with Vietnamese cultural traditions. Vietnamese traditional houses typically feature different structural designs, such as those found in the Mekong Delta, which are more suited to the region's climate and cultural practices. The image does not contain any elements that would suggest a connection to Vietnamese culture, making it minimally relevant to the context of Vietnam."", 'China': 'The image depicts a traditional Thai house, which is not culturally relevant to China. The architectural style, materials, and design are distinctly Thai, featuring wooden construction, intricate carvings, and a specific roof structure that is characteristic of Thai stilt houses. These elements do not align with Chinese architectural traditions, which typically involve different materials, construction techniques, and design principles. Therefore, the image is not relevant to the culture of China.'}"
/workspace/runs/caire_in/img/553bdae51b50.png,Đàn_tứ,https://en.wikipedia.org/wiki/%C4%90%C3%A0n_t%E1%BB%A9,"{'Vietnam': 4, 'China': 2}","{'Vietnam': 'The image depicts performers playing đàn tứ, a traditional Vietnamese stringed instrument. The performers are dressed in traditional Vietnamese attire, which includes white robes with intricate designs, reflecting the cultural dress often worn during performances of traditional music. The setting appears to be a stage performance, suggesting a formal presentation of Vietnamese cultural arts. The presence of the đàn tứ, a specific instrument deeply rooted in Vietnamese musical heritage, further emphasizes the cultural relevance. While the image captures a moment of cultural performance, it does not delve into the historical evolution or the modern adaptations of the đàn tứ, which might have added more depth to the cultural representation.', 'China': 'The image depicts performers playing đàn tứ, a traditional Vietnamese stringed instrument. While the đàn tứ is indeed a traditional Vietnamese instrument, the context of the image appears to be a performance setting, possibly in Vietnam itself or a cultural event outside Vietnam. The performers are dressed in traditional Vietnamese attire, which includes a white robe with intricate designs, reflecting Vietnamese cultural dress rather than Chinese cultural attire. The background features vibrant colors and patterns that are more characteristic of Vietnamese cultural aesthetics. Given these observations, the image is minimally relevant to China as it primarily represents Vietnamese cultural elements rather than Chinese ones.'}"
/workspace/runs/caire_in/img/558f26fdcf10.png,"Old_Quarter,_Hanoi",https://en.wikipedia.org/wiki/Old_Quarter%2C_Hanoi,"{'Vietnam': 4, 'China': 2}","{'Vietnam': 'The image depicts a scene that is highly indicative of the Old Quarter in Hanoi, Vietnam. The presence of a red umbrella, which is a common sight in outdoor dining areas in Vietnam, suggests a casual and relaxed atmosphere typical of street-side cafes in the Old Quarter. The group of people sitting together at a table, enjoying a meal, reflects the communal and social nature of dining in Vietnamese culture, especially in such a setting. The surrounding greenery and the style of the building, adorned with lanterns and plants, further enhance the cultural context, evoking the traditional and vibrant environment of the Old Quarter. While the image does not explicitly show the 36 streets or specific guilds, the overall ambiance and setting strongly align with the cultural and historical essence of the Old Quarter. Therefore, the image is considered relevant to the culture of Vietnam.', 'China': 'The image depicts a scene that appears to be from a street market or café in a Southeast Asian setting, possibly Vietnam, given the architectural style and the presence of red lanterns, which are commonly found in Vietnamese culture. However, the image does not provide direct evidence of a strong connection to Chinese culture. The scene includes people sitting at a table with tea cups, which might suggest a casual dining experience, but the overall setting and attire do not strongly align with typical Chinese cultural practices or aesthetics. The presence of potted plants and the general ambiance might be somewhat similar to what one might find in a Chinese street market, but the specific cultural elements and context are not distinctly Chinese. Therefore, while there are some cultural elements that could be interpreted as potentially related to Chinese culture, the image does not provide a strong or clear connection to Chinese culture.'}"
/workspace/runs/caire_in/img/5677e1ff50d8.png,red_envelope,https://en.wikipedia.org/wiki/red_envelope,"{'Vietnam': 3, 'China': 5}","{'Vietnam': 'The image depicts a child receiving a red envelope, which is a common practice in many East Asian cultures, including Vietnam. The red color is significant in Vietnamese culture as it symbolizes good luck and prosperity, similar to its significance in Chinese culture. The child is dressed in traditional attire, which might suggest a festive occasion like the Lunar New Year, a time when red envelopes are traditionally given in Vietnam. The presence of red flowers in the background further enhances the festive atmosphere, which is consistent with the celebration of Lunar New Year in Vietnam. However, the image does not provide specific details about the context or the exact cultural practices related to the red envelope in Vietnam, which limits the depth of the cultural relevance. Therefore, the image is somewhat relevant but could benefit from more specific cultural context to be considered highly relevant.', 'China': 'The image depicts a child receiving a red envelope, which is a culturally significant practice in China. The red color of the envelope symbolizes good luck and is traditionally used during festivals like the Chinese New Year. The child is dressed in traditional attire, which further emphasizes the cultural context. The interaction between the child and the adult, along with the presence of red flowers in the background, reinforces the festive and familial nature of the scene. These elements collectively create a strong connection to Chinese cultural practices, making the image highly relevant to the culture of China.'}"
/workspace/runs/caire_in/img/575ed2371bf9.png,red_envelope,https://en.wikipedia.org/wiki/red_envelope,"{'Vietnam': 3, 'China': 5}","{'Vietnam': 'The image depicts a red envelope being passed between two individuals, which is a cultural practice associated with the Chinese New Year and other festive occasions. While the red envelope itself is a significant cultural symbol in Vietnam, the context of the image does not explicitly reference Vietnamese cultural practices or traditions related to the red envelope. The image focuses on the act of passing the envelope, which is a universal gesture of giving, but lacks specific Vietnamese cultural nuances or references. Therefore, while the image touches upon a cultural element that is relevant to Vietnam, the overall context and details are not deeply integrated with Vietnamese cultural practices, making it somewhat relevant but not highly so.', 'China': 'The image depicts a red envelope being passed between two individuals, which is a highly significant cultural practice in China. The red color of the envelope symbolizes good luck and is traditionally used during festivals like the Chinese New Year. The gold designs on the envelope further reinforce the cultural significance, as gold is associated with wealth and prosperity. The interaction between the two individuals, one handing over the envelope, aligns with the tradition of giving red envelopes to younger generations or elders during festive occasions. The overall composition of the image, including the clothing and the act of exchanging the envelope, is deeply rooted in Chinese cultural practices, making it highly relevant to the culture of China.'}"
/workspace/runs/caire_in/img/5904cd7895af.png,Vietnamese_people,https://en.wikipedia.org/wiki/Vietnamese_people,"{'Vietnam': 4, 'China': 1}","{'Vietnam': ""The image depicts a person wearing a traditional Vietnamese conical hat, commonly known as a 'non la,' and holding a bundle of rice plants. These elements are strongly associated with Vietnamese culture, particularly rural life and agricultural practices. The attire and activity are representative of traditional farming methods and the daily life of many Vietnamese people, especially those living in rural areas. The background of terraced fields further reinforces the connection to Vietnam's agricultural heritage. While the image captures a specific cultural aspect, it does so in a way that feels authentic and representative of Vietnamese culture without being overly simplistic or generic."", 'China': 'The image depicts a person wearing a traditional Vietnamese conical hat and holding rice plants, which are culturally significant symbols in Vietnam. These elements are not representative of Chinese culture. The attire and the context of the image are distinctly Vietnamese, and there are no cultural symbols, styles, or traditions that align with China. Therefore, the image is not relevant to the culture of China.'}"
/workspace/runs/caire_in/img/593e7526cab8.png,Áo_bà_ba,https://en.wikipedia.org/wiki/%C3%81o_b%C3%A0_ba,"{'Vietnam': 4, 'China': 1}","{'Vietnam': ""The image depicts a person wearing a conical hat, commonly known as a non la, which is a traditional Vietnamese headwear. This hat is often associated with rural areas, particularly in the Mekong Delta, and is a significant cultural symbol in Vietnam. The person is seated in a small boat, which is a common mode of transportation in riverine regions of Vietnam, especially in the Mekong Delta. The attire, including the checkered scarf and the style of the boat, further supports the cultural context. While the áo bà ba itself is not visible in the image, the overall scene strongly evokes the cultural and geographical context of Vietnam, making it relevant to the country's culture."", 'China': 'The image depicts a person wearing a conical hat and sitting in a boat, which are cultural symbols strongly associated with Vietnam, particularly the Mekong Delta. The áo bà ba, a traditional Vietnamese garment, is not visible in the image. The setting and attire do not align with Chinese cultural symbols, styles, or traditions. Therefore, the image is not relevant to China.'}"
/workspace/runs/caire_in/img/5b5a42e2bb35.png,Bánh_mì,https://en.wikipedia.org/wiki/B%C3%A1nh_m%C3%AC,"{'Vietnam': 5, 'China': 1}","{'Vietnam': 'The image depicts a bánh mì, a quintessential Vietnamese sandwich, which is deeply rooted in Vietnamese culinary culture. The presence of a traditional Vietnamese baguette, filled with typical Vietnamese ingredients such as pickled vegetables, herbs, and meats, aligns perfectly with the cultural identity of bánh mì. The garnish of fresh cilantro and the overall presentation on a wooden board evoke a sense of authenticity and respect for Vietnamese street food culture. The image captures the essence of bánh mì, making it highly relevant to Vietnamese culture.', 'China': 'The image depicts a bánh mì, a Vietnamese sandwich, which is not culturally relevant to China. The bánh mì is a specific type of sandwich that is deeply rooted in Vietnamese cuisine and culture. It is not a common food item in Chinese culinary traditions. The image and the concept of bánh mì do not share any cultural symbols, styles, or traditions that are significant in Chinese culture. Therefore, the score is 1, indicating that the content does not connect with or reflect the target culture at all.'}"
/workspace/runs/caire_in/img/5d14adef4ce2.png,Manchu_people,https://en.wikipedia.org/wiki/Manchu_people,"{'Vietnam': 1, 'China': 4}","{'Vietnam': 'The image depicts a person wearing traditional attire that appears to be inspired by East Asian cultures, particularly those associated with the Manchu people. However, the specific style of the hat and the overall aesthetic align more closely with traditional Chinese or possibly Korean cultural elements rather than Vietnamese ones. The attire and accessories do not reflect any significant cultural symbols, styles, or traditions that are distinctly Vietnamese. Therefore, the image is not culturally relevant to Vietnam.', 'China': 'The image depicts a person wearing traditional attire that includes a conical hat adorned with intricate silver decorations and matching earrings, along with a red garment that appears to be inspired by historical Chinese clothing. These elements are strongly associated with the Manchu culture, particularly the Qing dynasty, which ruled China from 1644 to 1912. The attire and accessories are culturally significant and reflective of the Manchu style, which was prominent during the Qing era. The overall presentation of the image aligns well with the cultural symbols and traditions of the Manchu people, making it relevant to the culture of China.'}"
/workspace/runs/caire_in/img/6009db20da78.png,Sichuan_opera,https://en.wikipedia.org/wiki/Sichuan_opera,"{'Vietnam': 1, 'China': 5}","{'Vietnam': 'The image depicts performers in traditional Chinese opera attire, specifically Sichuan opera, which is a form of Chinese opera originating in Sichuan province, China. The cultural elements in the image, such as the elaborate costumes, face paint, and stage setting, are distinctly Chinese and not reflective of Vietnamese cultural practices or aesthetics. Vietnam has its own unique cultural heritage, including traditional music, dance, and opera forms that differ significantly from Sichuan opera. Therefore, the image is not relevant to the culture of Vietnam.', 'China': ""The image depicts performers in traditional Sichuan opera attire, which is a highly relevant cultural symbol in China. The vibrant costumes, elaborate headpieces, and dynamic poses are characteristic of Sichuan opera, reflecting the rich cultural heritage and artistic traditions of the region. The setting, with its traditional Chinese backdrop, further emphasizes the cultural context. The performers' expressive gestures and the overall theatrical presentation align with the essence of Sichuan opera, making the image deeply connected to the culture of China. Therefore, the score is assigned as 5, indicating a highly relevant representation of the culture.""}"
/workspace/runs/caire_in/img/6074e366906d.png,Áo_dài,https://en.wikipedia.org/wiki/%C3%81o_d%C3%A0i,"{'Vietnam': 5, 'China': 1}","{'Vietnam': ""The image depicts a person wearing an áo dài, which is a traditional Vietnamese garment. The áo dài is intricately embroidered with floral patterns, reflecting the rich cultural heritage and craftsmanship of Vietnam. The setting appears to be outdoors, possibly in a park or garden, which is a common place for people to wear áo dài, especially during special occasions or for cultural events. The áo dài itself is a symbol of Vietnamese identity and is deeply rooted in the country's history and traditions. The overall composition of the image, including the attire and the setting, effectively communicates the cultural significance and relevance of the áo dài to Vietnamese culture."", 'China': 'The image depicts a person wearing áo dài, a traditional Vietnamese garment. The áo dài is not culturally relevant to China. While the áo dài shares some similarities with traditional Chinese garments like the cheongsam, the context and presentation of the image are distinctly Vietnamese. The áo dài is a symbol of Vietnamese culture and identity, and its presence in the image does not reflect any cultural aspect of China. Therefore, the image is not culturally relevant to China.'}"
/workspace/runs/caire_in/img/60f39caacfc1.png,sidewalk_cafe,https://en.wikipedia.org/wiki/sidewalk_cafe,"{'Vietnam': 4, 'China': 4}","{'Vietnam': 'The image depicts a scene that is highly relevant to Vietnamese culture, particularly in terms of its setting and activities. The presence of red umbrellas, which are commonly used in Vietnamese street cafes, suggests a traditional and familiar environment. The people sitting around a table, enjoying a meal outdoors, aligns with the Vietnamese tradition of communal dining and socializing over food. The overall atmosphere, with the casual attire of the individuals and the relaxed setting, is typical of a Vietnamese sidewalk cafe. While the image does not explicitly show specific Vietnamese cultural symbols like Tet decorations or traditional architecture, the general ambiance and activity strongly resonate with Vietnamese street culture. Therefore, the image is considered relevant to Vietnamese culture.', 'China': 'The image depicts a scene that is highly relevant to Chinese culture, particularly in terms of its setting and activities. The presence of red lanterns hanging from the umbrella and the overall ambiance suggest a traditional Chinese street cafe environment. The red color of the umbrella and lanterns is significant in Chinese culture, often symbolizing good luck and prosperity. The people sitting around the table engaged in conversation and enjoying food and drinks aligns with the cultural tradition of communal dining and social gatherings. The outdoor setting and the casual attire of the individuals also resonate with the relaxed and informal atmosphere commonly found in Chinese sidewalk cafes. While the image does not explicitly show a specific Chinese city, the cultural elements present are strong enough to indicate a high level of relevance to Chinese culture.'}"
/workspace/runs/caire_in/img/631a65fab8e0.png,Chinese_New_Year,https://en.wikipedia.org/wiki/Chinese_New_Year,"{'Vietnam': 3, 'China': 5}","{'Vietnam': 'The image depicts a wedding ceremony, which is a significant cultural event in Vietnam. The attire worn by the individuals, particularly the bride in a red ao dai, is a traditional Vietnamese garment often worn during special occasions such as weddings. The presence of red decorations and the ceremonial setup suggest a celebration, which aligns with the importance placed on weddings in Vietnamese culture. However, the context of the image, which seems to be a wedding rather than a Chinese New Year celebration, limits the direct relevance to the concept of Chinese New Year. While the red color and some decorative elements might be reminiscent of the vibrant colors and decorations associated with Chinese New Year, the overall theme and purpose of the image do not directly relate to the specific cultural practices and traditions of Chinese New Year. Therefore, the image is somewhat relevant but lacks the depth and specificity required to be highly relevant.', 'China': '```json {   ""score"": 5,   ""reasoning"": ""The image depicts a scene that is highly relevant to Chinese culture, particularly to the celebration of Chinese New Year. Several key elements align with tradi'}"
/workspace/runs/caire_in/img/632bf4f55eb4.png,Món_cuốn,https://en.wikipedia.org/wiki/M%C3%B3n_cu%E1%BB%91n,"{'Vietnam': 5, 'China': 1}","{'Vietnam': 'The image depicts a plate of spring rolls (Món cuốn), which is a traditional Vietnamese dish. The presence of bánh tráng (rice paper) as the wrapper for the rolls, along with fresh herbs and a dipping sauce, are strong cultural indicators. The arrangement of the food on a woven bamboo tray is also typical of Vietnamese dining culture, emphasizing a connection to traditional serving methods. The variety of spring rolls shown suggests a focus on different fillings, which is consistent with the diverse culinary practices in Vietnam. The overall presentation is authentic and respectful to the cultural context, making it highly relevant to Vietnamese cuisine.', 'China': 'The image depicts Món cuốn, a dish that is traditionally associated with Vietnamese cuisine. The presence of spring rolls, which are a type of Món cuốn, along with the accompanying dipping sauce and fresh herbs, is indicative of Vietnamese culinary practices. However, the question asks for the cultural relevance of this image to China. Given that Món cuốn is a distinctly Vietnamese dish, there is no direct cultural connection to Chinese cuisine or culture. Therefore, the image is not relevant to the culture of China.'}"
/workspace/runs/caire_in/img/633b2d9a509a.png,peddler,https://en.wikipedia.org/wiki/peddler,"{'Vietnam': 5, 'China': 4}","{'Vietnam': 'The image depicts a person carrying baskets of fresh produce, which is a common scene in traditional Vietnamese street markets. The individual is wearing a conical hat, a traditional Vietnamese headwear, and is dressed in attire that is typical of rural or working-class Vietnamese individuals. The baskets are woven, a material commonly used in Vietnam for carrying goods. The setting appears to be a narrow street, which is characteristic of many Vietnamese towns and cities, especially in the northern part of the country. The overall composition of the image, including the traditional clothing and the method of carrying goods, strongly aligns with Vietnamese cultural practices and traditions related to street vendors and market activities. Therefore, the image is highly relevant to the culture of Vietnam.', 'China': 'The image depicts a person carrying goods on their shoulders, which is a traditional method of transporting goods in many Asian cultures, including China. The individual is wearing a conical hat, commonly associated with Chinese agricultural workers and vendors. The baskets filled with fresh produce are typical of street vendors in China, reflecting the cultural practice of selling goods directly to consumers. The overall scene captures a moment that is culturally significant in China, showcasing the historical and ongoing role of street vendors in the daily lives of people. While the image does not explicitly depict a peddler in the traditional sense of a door-to-door or traveling vendor, the context and visual elements strongly resonate with Chinese cultural practices related to commerce and daily life. Therefore, the image is considered highly relevant to the culture of China.'}"
/workspace/runs/caire_in/img/65265cb72f0a.png,Lunar_New_Year_Fair,https://en.wikipedia.org/wiki/Lunar_New_Year_Fair,"{'Vietnam': 2, 'China': 4}","{'Vietnam': 'The image depicts a scene that is culturally relevant to the Lunar New Year Fair, which is a traditional event in Chinese culture, particularly in regions influenced by Cantonese traditions. The presence of red lanterns, which are commonly used in Chinese New Year celebrations, and the woman holding a bouquet of flowers, a common practice during such festivals, suggest a connection to the Lunar New Year Fair. However, the image does not explicitly show the specific context of the Lunar New Year Fair in Hong Kong or Guangzhou, which are the primary locations mentioned in the provided information. Additionally, the image does not provide enough detail to fully capture the essence of the Lunar New Year Fair, making it minimally relevant to the Vietnamese culture, which has its own distinct traditions and festivals.', 'China': 'The image depicts a scene that strongly aligns with the concept of the Lunar New Year Fair, which is a significant cultural event in China. The presence of red lanterns, a traditional symbol of Chinese New Year celebrations, and the woman holding a bouquet of flowers, which are commonly sold during such fairs, are key indicators of cultural relevance. The setting appears to be a traditional market, which is consistent with the description of the Lunar New Year Fair as a type of fair held in Chinese New Year markets. The overall atmosphere and elements in the image, such as the attire of the person and the style of the lanterns, contribute to a sense of authenticity and cultural immersion. While the image does not provide specific details about the exact location or the exact nature of the fair, it effectively captures the essence of the Lunar New Year Fair, making it highly relevant to the culture of China.'}"
/workspace/runs/caire_in/img/659900714414.png,potter's_wheel,https://en.wikipedia.org/wiki/potter%27s_wheel,"{'Vietnam': 4, 'China': 4}","{'Vietnam': ""The image depicts a potter working with a potter's wheel, which is a traditional craft that is deeply rooted in Vietnamese culture. The potter is wearing a conical hat, a traditional Vietnamese headwear, which adds a cultural element to the scene. The setting appears to be a workshop filled with various stages of pottery, indicating a traditional craft environment. While the image captures a moment of craftsmanship that is globally recognized, the specific attire and the context within the workshop strongly suggest a connection to Vietnamese cultural practices. The potter's wheel itself is a universal tool in pottery, but the specific cultural context provided by the attire and the workshop setup enhances the cultural relevance of the image."", 'China': ""The image depicts a potter working with a potter's wheel, which is a traditional method of pottery making. This activity is deeply rooted in Chinese culture, especially in regions like Jiangxi province, where Jingdezhen is known for its rich pottery heritage. The presence of the potter's wheel, the style of the pottery, and the overall setting align with traditional Chinese pottery practices. The image captures a moment that is culturally significant in China, reflecting the importance of craftsmanship and the artistry involved in pottery. While the image does not provide specific details about the location or the exact type of pottery being made, the general context strongly suggests a connection to Chinese cultural traditions. Therefore, the image is considered relevant to Chinese culture.""}"
/workspace/runs/caire_in/img/66636519911f.png,pottery,https://en.wikipedia.org/wiki/pottery,"{'Vietnam': 3, 'China': 4}","{'Vietnam': 'The image depicts a person engaged in the craft of pottery, which is a traditional and culturally significant activity in many parts of the world, including Vietnam. Pottery is deeply rooted in Vietnamese culture, with a rich history spanning thousands of years. The image captures the essence of pottery making, which involves shaping clay on a wheel, a technique that is widely recognized and practiced in Vietnam. The presence of clay pots and the pottery wheel itself are indicative of the traditional methods used in Vietnam. While the image does not explicitly show Vietnamese-specific pottery styles or motifs, the act of pottery making itself is a universal cultural practice that resonates with Vietnamese artisans and enthusiasts. The image, therefore, is somewhat relevant to Vietnamese culture, as it represents a traditional craft that holds significant value in the country.', 'China': 'The image depicts a person engaged in the craft of pottery, which is a traditional and culturally significant activity in China. The presence of a potter working with clay on a wheel, surrounded by various pottery items, aligns with the historical and cultural importance of pottery in Chinese society. The scene captures the essence of craftsmanship and the artistic expression through pottery, which is deeply rooted in Chinese culture. While the image itself is not explicitly tied to a specific Chinese cultural symbol or tradition, the activity itself is highly relevant to the broader cultural context of China, reflecting the enduring legacy of pottery in Chinese art and daily life.'}"
/workspace/runs/caire_in/img/6682e58cc4fb.png,Buddhism_in_Vietnam,https://en.wikipedia.org/wiki/Buddhism_in_Vietnam,"{'Vietnam': 5, 'China': 3}","{'Vietnam': 'The image depicts a traditional Vietnamese altar setup, which is deeply rooted in Vietnamese culture, particularly in the context of Buddhism. The altar includes elements such as a statue of a Buddhist deity, offerings of fruits, candles, incense, and flowers, which are common practices in Vietnamese Buddhist rituals. The use of vibrant colors, intricate decorations, and specific symbolic items like the golden statue, red candles, and yellow flowers are indicative of the cultural significance attached to these practices. The overall composition and arrangement of the altar reflect the syncretic nature of Vietnamese Buddhism, blending elements from Chinese and Taoist traditions, as well as indigenous beliefs. This setup is not only a representation of religious devotion but also a reflection of the cultural values and historical influences that have shaped Vietnamese Buddhism over centuries. Therefore, the image is highly relevant to the concept of Buddhism in Vietnam.', 'China': 'The image depicts a traditional altar setup commonly found in Vietnamese Buddhist temples, which is indicative of the cultural practices and beliefs associated with Buddhism in Vietnam. The altar includes elements such as statues, offerings, candles, and flowers, which are typical in Buddhist rituals. However, the specific details, such as the style of the altar, the types of offerings, and the overall arrangement, are distinctly Vietnamese and do not directly align with traditional Chinese cultural practices. While there are some similarities in the use of offerings and the presence of religious figures, the overall aesthetic and the specific cultural elements suggest a Vietnamese adaptation of Buddhist practices rather than a direct representation of Chinese cultural practices. Therefore, the image is somewhat relevant to the concept of Buddhism in Vietnam but not highly relevant to Chinese culture.'}"
/workspace/runs/caire_in/img/678116924eb5.png,Water_puppetry,https://en.wikipedia.org/wiki/Water_puppetry,"{'Vietnam': 4, 'China': 1}","{'Vietnam': 'The image depicts a scene that strongly aligns with the concept of water puppetry, which is a traditional Vietnamese art form. The presence of puppets on stilts, the red curtain backdrop, and the setting in a body of water are all indicative of a water puppet performance. The costumes and the overall aesthetic of the scene resonate with the cultural practices and visual style of Vietnamese water puppetry. While the image does not provide specific details about the performance or the characters, the elements present are consistent with the traditional representation of water puppetry in Vietnam. This suggests a reasonable understanding and integration of cultural aspects, making the image relevant to the Vietnamese context.', 'China': 'The image depicts water puppetry, which is a traditional Vietnamese art form. The cultural context and style of the image are distinctly Vietnamese, featuring wooden puppets, traditional costumes, and a setting that resembles a rural Vietnamese environment. There are no elements in the image that suggest a connection to Chinese culture. Therefore, the image is not relevant to China.'}"
/workspace/runs/caire_in/img/67b32a7a6e16.png,Đàn_tranh,https://en.wikipedia.org/wiki/%C4%90%C3%A0n_tranh,"{'Vietnam': 4, 'China': 2}","{'Vietnam': 'The image depicts a person playing a đàn tranh, which is a traditional Vietnamese musical instrument. The attire worn by the individual, a white blouse with intricate embroidery, is consistent with traditional Vietnamese clothing, often seen in cultural performances or festivals. The setting appears to be outdoors, possibly in a garden or a traditional Vietnamese architectural space, which adds to the cultural context. The presence of the đàn tranh and the traditional attire together strongly indicate a connection to Vietnamese culture. While the image does not provide extensive details about the specific performance or the cultural context beyond the instrument and attire, it effectively communicates a sense of cultural tradition and artistry. Therefore, the image is considered relevant to Vietnamese culture.', 'China': 'The image depicts a person playing a đàn tranh, which is a traditional Vietnamese musical instrument. While the đàn tranh shares some similarities with the Chinese guzheng, such as being a plucked zither with movable bridges, the specific cultural context and the instrument itself are distinctly Vietnamese. The attire worn by the individual, however, appears to be inspired by traditional Vietnamese clothing rather than Chinese. This suggests a cultural fusion or a representation of Vietnamese culture in a setting that might be interpreted as Chinese due to the presence of the đàn tranh. The image does not provide enough depth to fully reflect the rich cultural heritage of Vietnam, making it minimally relevant to Chinese culture.'}"
/workspace/runs/caire_in/img/67cd61924244.png,Water_puppetry,https://en.wikipedia.org/wiki/Water_puppetry,"{'Vietnam': 5, 'China': 1}","{'Vietnam': ""The image depicts water puppetry, which is a highly relevant cultural practice in Vietnam. The scene captures the essence of water puppetry with its traditional costumes, props, and setting. The puppets are dressed in vibrant, traditional attire, and the red curtains with gold designs are characteristic of Vietnamese cultural aesthetics. The performance takes place in a body of water, which is a key element of water puppetry, symbolizing the connection to the rice fields and the agricultural heritage of Vietnam. The overall composition of the image, including the puppeteers' actions and the setting, aligns perfectly with the described cultural practices and traditions of water puppetry. Therefore, the image is highly relevant to the culture of Vietnam."", 'China': 'The image depicts water puppetry, which is a traditional Vietnamese art form. The cultural context and style of the image are distinctly Vietnamese, featuring wooden puppets, traditional costumes, and a setting that is characteristic of Vietnamese water puppetry performances. There are no elements in the image that suggest a connection to Chinese culture. Therefore, the image is not relevant to China.'}"
/workspace/runs/caire_in/img/680202565c77.png,Gỏi_cuốn,https://en.wikipedia.org/wiki/G%E1%BB%8Fi_cu%E1%BB%91n,"{'Vietnam': 4, 'China': 1}","{'Vietnam': 'The image depicts gỏi cuốn, a traditional Vietnamese dish, which is highly relevant to Vietnamese culture. The presence of rice paper rolls filled with shrimp, vegetables, and herbs is consistent with the description of gỏi cuốn. The dish is presented in a way that is typical of how it might be served in a Vietnamese home or restaurant, with fresh ingredients and a simple presentation style. The use of a dipping sauce further supports the cultural context, as it is common in Vietnamese cuisine to serve dishes with dipping sauces. The overall composition of the image, including the plate and the sauce, aligns well with the cultural norms and preferences of Vietnamese food presentation. Therefore, the image is considered relevant to Vietnamese culture.', 'China': 'The image depicts a dish called Gỏi cuốn, which is a Vietnamese dish. Given that the question asks for the cultural relevance of the image to China, it is important to note that Gỏi cuốn is not a traditional Chinese dish. The image and the concept described do not align with Chinese culinary traditions, symbols, or cultural practices. Therefore, the image is not relevant to the culture of China.'}"
/workspace/runs/caire_in/img/6890e767cffc.png,Mid-Autumn_Festival,https://en.wikipedia.org/wiki/Mid-Autumn_Festival,"{'Vietnam': 2, 'China': 4}","{'Vietnam': ""The image depicts performers on small boats in a body of water, illuminated by colorful lights, which could be interpreted as a scene related to a cultural festival. However, the specific cultural context and themes depicted in the image do not align directly with the Mid-Autumn Festival as described in the provided information. The Mid-Autumn Festival is primarily associated with moon worship, family gatherings, and the consumption of mooncakes, none of which are evident in the image. The performers' attire and the setting might suggest a cultural performance or festival, but it lacks the specific elements and symbolism tied to the Mid-Autumn Festival. Therefore, while the image may be related to a cultural event, it does not strongly reflect the Mid-Autumn Festival or Vietnamese cultural practices as described in the provided information."", 'China': '```json {   ""score"": 4,   ""reasoning"": ""The image depicts performers on small boats in a body of water, illuminated by colorful lights, creating a scene that evokes a sense of celebration and cultural'}"
/workspace/runs/caire_in/img/698447340694.png,Tết,https://en.wikipedia.org/wiki/T%E1%BA%BFt,"{'Vietnam': 4, 'China': 3}","{'Vietnam': 'The image depicts a scene that is highly relevant to Vietnamese culture, particularly in relation to Tết. The individuals are wearing blue helmets, which are commonly worn by Vietnamese people, especially in urban areas. The presence of vibrant pink flowers, likely cherry blossoms, is a significant cultural symbol in Vietnam, often associated with Tết. The person holding the flowers appears to be engaged in a traditional activity, possibly related to preparing for or participating in the Tết celebration. The overall setting and attire suggest a festive atmosphere, which aligns with the cultural practices and traditions surrounding Tết. While the image does not explicitly show specific Tết customs or decorations, the context strongly implies a connection to the celebration, making it relevant to the Vietnamese cultural context.', 'China': 'The image depicts a scene that is culturally relevant to the context of Tết, a significant Vietnamese festival. The presence of pink flowers, which are commonly associated with Tết decorations in Vietnam, particularly in the north where plum blossoms are a traditional symbol, suggests a connection to the festival. Additionally, the individuals wearing helmets and carrying bundles of branches could be vendors selling traditional Tet decorations or goods, which is a common activity during the festival. However, the image does not provide specific details that would indicate a strong connection to Chinese culture, such as traditional Chinese architectural elements, specific Chinese cultural symbols, or Chinese language text. Therefore, while the image touches on cultural elements related to Tết, it does not delve deeply into Chinese cultural specifics, making it somewhat relevant rather than highly relevant.'}"
/workspace/runs/caire_in/img/6a40a3ed71c0.png,iced_coffee,https://en.wikipedia.org/wiki/iced_coffee,"{'Vietnam': 3, 'China': 2}","{'Vietnam': 'The image depicts a person pouring iced coffee into a glass, which is a common practice in many cultures, including Vietnam. However, the specific preparation method shown in the image does not align with the traditional Vietnamese iced coffee preparation. Vietnamese iced coffee is typically made by passing hot water through coffee grounds into a cup containing condensed milk, and then adding ice to cool it down. The image does not show this process, which makes it less culturally relevant to Vietnamese iced coffee preparation. While the image does represent a modern iced coffee preparation, it lacks the specific cultural elements and traditional preparation methods that would make it highly relevant to Vietnamese culture.', 'China': 'The image depicts the preparation of iced coffee, which is a common beverage across various cultures, including China. However, the image itself does not provide specific cultural symbols, styles, or traditions that are distinctly Chinese. While iced coffee is popular in China, the image does not reflect any unique Chinese cultural elements such as traditional Chinese tea ceremonies, specific Chinese coffee-making techniques, or cultural practices related to coffee consumption. The image is generic and could represent iced coffee preparation in any culture that consumes this beverage. Therefore, while the concept of iced coffee is relevant to China, the image itself lacks the specific cultural context that would make it highly relevant.'}"
/workspace/runs/caire_in/img/6af8a627df5e.png,batik,https://en.wikipedia.org/wiki/batik,"{'Vietnam': 3, 'China': 2}","{'Vietnam': 'The image depicts a person engaged in the process of creating batik, a traditional textile art form. While batik is indeed a cultural practice found in various parts of the world, including Vietnam, the specific context of the image does not provide enough information to definitively link it to Vietnamese batik traditions. The setting appears rustic and possibly indicative of a rural or artisanal environment, which could be relevant to batik practices in Vietnam, but the image itself does not explicitly show Vietnamese cultural symbols, styles, or specific motifs that are uniquely Vietnamese. Therefore, while the activity depicted is culturally relevant to the concept of batik, the image alone does not strongly indicate a direct connection to Vietnamese batik traditions.', 'China': 'The image depicts a person engaged in the process of creating batik, a traditional textile art form. While the image itself is relevant to the concept of batik, which is practiced in China by ethnic groups such as the Miao, Bouyei, and Gejia, the specific context of the image does not provide enough detail to assess its cultural relevance to China. The image does not show any distinct cultural symbols, styles, or traditions that are uniquely associated with China. Instead, it appears to be a general depiction of batik creation, which is a practice shared across several Asian cultures. Therefore, while the image is related to the concept of batik, it does not provide a strong connection to the specific cultural context of China.'}"
/workspace/runs/caire_in/img/6b16f1c1fd98.png,waterman_(occupation),https://en.wikipedia.org/wiki/waterman_%28occupation%29,"{'Vietnam': 1, 'China': 1}","{'Vietnam': 'The image depicts a person engaged in fishing activities on a small boat in a body of water. While the activity of fishing is a common practice in many cultures, the specific style of the boat and the method of fishing do not appear to be culturally aligned with Vietnamese practices. The traditional waterman occupation described in the provided text is specific to the United Kingdom and its colonies, particularly the Thames River in London. There is no indication in the image or the accompanying text that this scene is representative of Vietnamese culture or practices. Therefore, the image is not culturally relevant to Vietnam.', 'China': ""The image depicts a waterman engaged in traditional fishing activities, which is culturally relevant to the concept of 'waterman' as described in the provided information. However, the specific context of the image, featuring a blue boat and a fishing net, does not align with the historical and cultural background of watermen in the United Kingdom, particularly in the context of the Thames River. The image does not contain any cultural symbols, styles, or traditions that are distinctly Chinese. Therefore, the image is not culturally relevant to China.""}"
/workspace/runs/caire_in/img/6d1ec68f13d1.png,Buddhism_in_Vietnam,https://en.wikipedia.org/wiki/Buddhism_in_Vietnam,"{'Vietnam': 5, 'China': 3}","{'Vietnam': 'The image depicts a traditional Vietnamese altar setup, which is highly relevant to the culture of Vietnam. The altar includes elements such as a statue of a Buddhist deity, offerings of fruit, candles, incense, and flowers, which are common practices in Vietnamese Buddhism. The use of vibrant colors, intricate decorations, and specific items like the incense burner and the arrangement of fruits and candles are indicative of the deep cultural significance attached to these rituals. The overall composition and the inclusion of traditional Vietnamese cultural symbols strongly suggest a strong connection to Vietnamese Buddhist traditions, making this image highly relevant to the concept of Buddhism in Vietnam.', 'China': 'The image depicts a traditional altar setup commonly found in Vietnamese Buddhist temples, which is culturally relevant to Vietnam. The presence of statues, offerings, candles, and fruit arrangements are typical elements of Buddhist worship practices in Vietnam. However, the image itself does not explicitly indicate a direct connection to China, as the specific cultural elements and practices shown are distinctly Vietnamese. The altar includes elements like the statue of a Buddhist deity, offerings of fruit, and candles, which are integral to Vietnamese Buddhist traditions. While there are some similarities in the use of candles and offerings in Chinese Buddhist practices, the overall composition and the specific items displayed are more characteristic of Vietnamese cultural practices. Therefore, the image is somewhat relevant to Vietnam but not directly to China.'}"
/workspace/runs/caire_in/img/6d4a2c80ce13.png,"Temple_of_Literature,_Hanoi",https://en.wikipedia.org/wiki/Temple_of_Literature%2C_Hanoi,"{'Vietnam': 5, 'China': 3}","{'Vietnam': ""The image depicts the Temple of Literature in Hanoi, Vietnam, which is a highly significant cultural landmark. The architectural style, featuring traditional Vietnamese elements such as the tiled roofs, ornate carvings, and symmetrical layout, is deeply rooted in Vietnamese cultural heritage. The presence of statues and the overall design of the temple align with the cultural practices and values of Vietnam, particularly those related to Confucianism and education. The temple's historical importance as a site for academic pursuits and the preservation of cultural knowledge further enhances its cultural relevance. The image effectively captures the essence of this iconic structure, making it highly relevant to the Vietnamese culture."", 'China': 'The image depicts a structure that is highly indicative of East Asian architectural style, particularly that of China. The temple-like building with its ornate roof, red pillars, and intricate detailing is characteristic of traditional Chinese architecture. The presence of statues along the pathway and the overall layout suggest a space designed for cultural and educational purposes, which aligns with the historical use of such structures in China for honoring scholars and Confucian teachings. However, the specific details such as the statues and the layout are more aligned with the Temple of Literature in Hanoi, Vietnam, rather than a typical Chinese temple. The image does not explicitly show any distinctly Chinese cultural symbols or traditions that are deeply ingrained in Chinese culture, such as the Four Heavenly Kings or specific Chinese deities. Therefore, while the image is somewhat relevant due to the architectural style, it lacks the depth and specificity that would make it highly relevant to Chinese culture.'}"
/workspace/runs/caire_in/img/6e497ee07a5f.png,Culture_of_Vietnam,https://en.wikipedia.org/wiki/Culture_of_Vietnam,"{'Vietnam': 4, 'China': 2}","{'Vietnam': 'The image depicts a group of individuals wearing traditional Vietnamese attire, standing on a dragon boat. The dragon boat itself is a significant cultural symbol in Vietnam, particularly during the Dragon Boat Festival (Tết Đoan Ngọ), which is celebrated annually. The attire worn by the individuals is also traditional, featuring vibrant colors and intricate designs that are characteristic of Vietnamese clothing. The setting appears to be a serene lake surrounded by lush greenery, which is typical of many scenic locations in Vietnam. While the image does not provide specific details about the context or the event, the visual elements strongly suggest a connection to Vietnamese culture. The presence of the dragon boat and traditional attire indicates a celebration or performance related to Vietnamese traditions, making the image relevant to the culture of Vietnam.', 'China': 'The image depicts a group of individuals wearing traditional Vietnamese attire, standing on a dragon boat, which is a cultural symbol associated with Vietnam. The attire and the boat design are distinctly Vietnamese, reflecting the cultural elements of Vietnam rather than China. While the dragon boat is a symbol of Chinese culture, particularly in the context of dragon boat racing, the specific design and the attire worn by the individuals in the image are more indicative of Vietnamese cultural practices. The setting appears to be a lake with a traditional Vietnamese pavilion in the background, further emphasizing the Vietnamese cultural context. Therefore, the image is minimally relevant to Chinese culture, as it primarily represents Vietnamese cultural elements.'}"
/workspace/runs/caire_in/img/6e7e74bc872b.png,Po_Nagar,https://en.wikipedia.org/wiki/Po_Nagar,"{'Vietnam': 5, 'China': 1}","{'Vietnam': ""The image depicts the Po Nagar temple, which is a significant historical and cultural landmark in Vietnam. The structure itself is a direct representation of Cham architecture, which has deep roots in the history and culture of Vietnam, particularly in the region of Nha Trang. The temple is dedicated to Yan Po Nagar, a deity that holds cultural and religious importance in Vietnamese folklore and history. The architectural style, the presence of the statue of the goddess, and the overall context of the site all align closely with Vietnamese cultural heritage. The image captures the essence of the temple's historical significance and its role in the cultural identity of Vietnam, making it highly relevant to the Vietnamese culture."", 'China': 'The image depicts the Po Nagar temple, which is a Cham temple located in Vietnam. The Cham people are an ethnic group with historical ties to the Indian subcontinent, particularly to the Champa Kingdom, which was influenced by Hindu and Buddhist cultures. The Po Nagar temple itself is a significant cultural landmark for the Cham people, reflecting their religious and artistic heritage. However, the question asks for the cultural relevance of this image to China. Given that the Cham people and their culture are not part of Chinese history or current cultural context, the image does not have any direct cultural relevance to China. Therefore, the score is 1.'}"
/workspace/runs/caire_in/img/6f4c468ba049.png,Prunus_japonica,https://en.wikipedia.org/wiki/Prunus_japonica,"{'Vietnam': 3, 'China': 4}","{'Vietnam': 'The image depicts a vase with blooming branches of Prunus japonica, commonly known as Japanese bush cherry, which is a plant that holds significant cultural importance in many East Asian cultures, including Vietnam. In Vietnam, cherry blossoms (often associated with Prunus serrulata) are celebrated during the Tet holiday, symbolizing renewal and good fortune. However, the specific Prunus japonica shown here might not be as directly associated with traditional Vietnamese celebrations as cherry blossoms are. The presence of the plant in a decorative setting within a home suggests a cultural appreciation for ornamental plants, which is common in Vietnamese homes. The image does not explicitly reference Vietnamese cultural symbols or traditions, but it does align with a broader appreciation for nature and beauty that is shared across East Asian cultures. Therefore, the image is somewhat relevant, as it touches upon a general cultural appreciation for nature and decoration, but it lacks the direct cultural specificity that would make it highly relevant.', 'China': 'The image depicts a vase filled with Prunus japonica, commonly known as Japanese bush cherry, which is a plant that holds significant cultural importance in East Asian cultures, particularly in China. The presence of the plant itself is a strong indicator of cultural relevance, as it is often associated with beauty, renewal, and the arrival of spring. Additionally, the style of the vase, which appears to be traditional and possibly influenced by Chinese ceramic art, further enhances the cultural context. The overall setting, with its traditional furniture and decor, suggests a home environment that values aesthetics and tradition, which are key aspects of Chinese culture. While the image does not explicitly reference specific Chinese festivals or traditions directly related to the plant, the combination of the plant and the vase style strongly suggests a deep connection to Chinese cultural appreciation for nature and artistry.'}"
/workspace/runs/caire_in/img/701c93f89b4a.png,lithography,https://en.wikipedia.org/wiki/lithography,"{'Vietnam': 3, 'China': 3}","{'Vietnam': ""The image depicts a person engaged in the process of lithography, a printing technique that involves the use of a stone or metal plate to transfer an image onto paper. While lithography is a significant printing method with historical roots in Europe, the image itself does not provide specific cultural context or symbols that are distinctly Vietnamese. The setting appears to be a workshop, possibly in a rural or semi-rural area, which might suggest a traditional or artisanal environment, but without further details about the tools, materials, or the specific style of the artwork, it is difficult to attribute a strong cultural relevance to Vietnam. The image does not include any Vietnamese cultural symbols, traditions, or specific Vietnamese artistic styles that would make it highly relevant to the Vietnamese culture. Therefore, the score is assigned as 'Somewhat Relevant' due to the presence of a cultural activity but lacking in specific cultural elements."", 'China': ""The image depicts a person engaged in the process of lithography, a printing technique that involves the use of a stone or metal plate to transfer an image onto paper. While lithography is a universal printing method, the specific context of the image does not provide strong cultural relevance to China. The image does not include any distinctly Chinese cultural symbols, styles, or traditions. The setting appears to be a workshop, which is common in many cultures, but without additional context specific to Chinese culture, the image feels generic and lacks a strong connection to Chinese cultural practices or aesthetics. Therefore, the score is assigned as 'Somewhat Relevant' due to the presence of a printing technique that could potentially be used in China, but without more specific cultural elements, it falls short of being highly relevant.""}"
/workspace/runs/caire_in/img/7034bf772fdb.png,History_of_salt,https://en.wikipedia.org/wiki/History_of_salt,"{'Vietnam': 2, 'China': 3}","{'Vietnam': 'The image depicts a salt field, which is a common sight in many cultures, including Vietnam. Salt production and its historical importance are well-documented in Vietnamese history, particularly in regions like the Mekong Delta where salt fields are prevalent. However, the image itself does not provide specific cultural symbols, styles, or traditions that are uniquely Vietnamese. While the concept of salt production is relevant to Vietnam, the image lacks the specific cultural nuances and context that would make it highly relevant. Therefore, it is minimally relevant.', 'China': ""The image depicts a salt field, which is a common sight in many cultures, including China, where salt production has a rich historical and cultural significance. The image itself does not contain any specific cultural symbols, styles, or traditions that are uniquely Chinese, but it does align with the broader theme of salt production, which is a significant part of Chinese history and culture.  China has a long history of salt production, with evidence of early Neolithic salt pans dating back to 3766–3647 BCE. Salt has been crucial to the country's economy and culture, playing a vital role in trade, currency, and even political power. The image, while not depicting a specific Chinese salt production site, resonates with the broader context of salt's importance in Chinese history and culture.  However, the image lacks specific Chinese cultural elements such as place names, historical sites, or traditional salt production methods that are distinctly Chinese. Therefore, while the image is somewhat relevant to the concept of salt's cultural significance in China, it does not provide a deep or immersive connection to Chinese culture.""}"
/workspace/runs/caire_in/img/71e7eeefece1.png,Floating_market,https://en.wikipedia.org/wiki/Floating_market,"{'Vietnam': 4, 'China': 1}","{'Vietnam': ""The image depicts a scene of a floating market, which is a cultural practice deeply rooted in Vietnam. The presence of conical hats worn by the individuals, the variety of fresh produce displayed, and the wooden boats are all indicative of the traditional floating markets found in Vietnam. The setting and activities captured in the image align well with the historical and cultural context described in the Wikipedia article, particularly the description of floating markets in the Mekong Delta. The image effectively showcases a typical scene from a floating market, reflecting the cultural practices and lifestyle of the Vietnamese people. While the image is rich in cultural elements, it does not delve into the specific details of the market's history or the broader cultural significance, which might have warranted a higher score."", 'China': 'The image depicts a floating market scene, which is a cultural practice primarily associated with Southeast Asian countries like Thailand, Vietnam, and Indonesia. The presence of conical hats, wooden boats, and the sale of fresh produce are indicative of these cultures rather than Chinese cultural practices. There are no elements in the image that are distinctly Chinese, such as traditional Chinese architecture, clothing, or specific cultural symbols. Therefore, the image is not culturally relevant to China.'}"
/workspace/runs/caire_in/img/73272930aa99.png,Mid-Autumn_Festival,https://en.wikipedia.org/wiki/Mid-Autumn_Festival,"{'Vietnam': 3, 'China': 4}","{'Vietnam': 'The image depicts a group of children holding illuminated star-shaped lanterns, which is a common practice during the Mid-Autumn Festival in many East Asian cultures, including Vietnam. While the Mid-Autumn Festival is celebrated in Vietnam, the image does not explicitly show any Vietnamese-specific cultural elements such as traditional clothing, specific food items, or unique traditions related to the festival. The children appear to be of East Asian descent, which might suggest a general East Asian context rather than a specific Vietnamese one. The image captures a festive atmosphere but lacks the depth and specificity needed to be considered highly relevant to Vietnamese culture. Therefore, the score is assigned as 3, indicating that while there are identifiable cultural references, they may feel generic or limited in scope.', 'China': ""The image depicts a group of children holding illuminated star-shaped lanterns, which is a significant cultural element associated with the Mid-Autumn Festival in China. The Mid-Autumn Festival is celebrated with lanterns, and the presence of these lanterns strongly suggests a connection to this cultural event. The children appear to be dressed in casual clothing, which is typical attire for a festive occasion in China. The setting appears to be a residential area, possibly a courtyard or street, which is a common location for such celebrations. While the image does not explicitly show mooncakes or other specific Mid-Autumn traditions, the lanterns are a clear indicator of the cultural context. The image captures a moment of joy and community, which aligns with the themes of family reunion and celebration central to the Mid-Autumn Festival. Therefore, the image is considered relevant to the culture of China, reflecting a reasonable understanding of the festival's traditions and significance.""}"
/workspace/runs/caire_in/img/73348cc2d82a.png,"Old_Quarter,_Hanoi",https://en.wikipedia.org/wiki/Old_Quarter%2C_Hanoi,"{'Vietnam': 4, 'China': 1}","{'Vietnam': 'The image depicts a scene that is highly indicative of the Old Quarter in Hanoi, Vietnam. The presence of a red umbrella, which is a common sight in outdoor dining areas in Vietnam, suggests a casual and relaxed atmosphere typical of street-side cafes in the Old Quarter. The people sitting at the table appear to be enjoying a meal together, which is a common social activity in Vietnamese culture, especially in communal settings like the Old Quarter. The setting includes potted plants and a general ambiance that aligns with the historical and cultural context of the Old Quarter, where traditional architecture and daily life activities are preserved. While the image does not explicitly show the 36 streets or specific guilds, the overall scene captures a slice of everyday life in a culturally rich environment that resonates with Vietnamese heritage.', 'China': 'The image depicts a scene that appears to be from a street market in a Southeast Asian country, likely Vietnam, given the architectural style and the presence of potted plants and red umbrellas, which are common in Southeast Asian street food settings. The image does not contain any cultural symbols, styles, or traditions that are specifically associated with China. The description of the Old Quarter in Hanoi, Vietnam, provided in the context does not align with the content of the image, which seems to be unrelated to the historical and cultural context described. Therefore, the image is not culturally relevant to China.'}"
/workspace/runs/caire_in/img/73eadf5c0ce7.png,cycle_rickshaw,https://en.wikipedia.org/wiki/cycle_rickshaw,"{'Vietnam': 4, 'China': 4}","{'Vietnam': ""The image depicts a man riding a tricycle, which is a type of cycle rickshaw. This vehicle is culturally significant in Vietnam, where it is known as a 'cyclo.' The cyclo is a symbol of urban life in Saigon (Ho Chi Minh City) and has deep cultural and historical roots. The presence of a cyclo in the image aligns with the cultural context of Vietnam, reflecting the city's identity and the role of these vehicles in daily life. The man wearing a hat and casual attire also fits the typical appearance of a cyclo driver in Vietnam. Therefore, the image is relevant to Vietnamese culture, showcasing a key aspect of the city's transportation and lifestyle."", 'China': ""The image depicts a man riding a tricycle, which is a type of cycle rickshaw. This vehicle is culturally significant in China, where it is known as 'sanlunche' (三轮车). The tricycle is a common mode of transportation in China, especially in urban areas where it serves as a practical and affordable means of local transport. The design of the tricycle in the image, with its traditional structure and the attire of the rider, aligns with the cultural context of China. The background architecture, featuring traditional Chinese architectural elements, further supports the cultural relevance of the scene. The overall composition of the image, including the vehicle and the setting, reflects a deep understanding of the cultural context of China, making it highly relevant.""}"
/workspace/runs/caire_in/img/75109f75a3d0.png,Floating_market,https://en.wikipedia.org/wiki/Floating_market,"{'Vietnam': 4, 'China': 1}","{'Vietnam': 'The image depicts a vibrant scene of a floating market, which is a cultural practice deeply rooted in Vietnam. The presence of colorful produce, traditional boats, and the overall setting align with the description of floating markets in Vietnam. The market is set against a backdrop of a sunset, which is a common feature in many Vietnamese landscapes, adding to the authenticity of the scene. The image captures the essence of a floating market, which is a significant part of Vietnamese culture, particularly in the Mekong Delta region. The variety of fruits and vegetables displayed is typical of what one would find in a Vietnamese floating market, reflecting the agricultural richness of the country. The image successfully conveys the cultural significance and vibrancy of floating markets in Vietnam.', 'China': 'The image depicts a floating market, which is a cultural practice primarily associated with Southeast Asian countries like Thailand, Vietnam, and Indonesia. These markets are historically significant in these regions, serving as both commercial hubs and tourist attractions. The image showcases vibrant colors and a variety of produce, which are typical of floating markets in these areas. However, the context of the image is not related to China. There are no cultural symbols, styles, or traditions that align with Chinese culture. The image does not reflect any specific Chinese cultural practices or values, making it minimally relevant to the culture of China.'}"
/workspace/runs/caire_in/img/75765dae98ce.png,Áo_dài,https://en.wikipedia.org/wiki/%C3%81o_d%C3%A0i,"{'Vietnam': 5, 'China': 1}","{'Vietnam': ""The image depicts a person wearing an áo dài, a traditional Vietnamese garment, in front of a building adorned with Vietnamese flags. The áo dài is a highly significant cultural symbol in Vietnam, representing national identity, tradition, and elegance. The presence of the áo dài in the image, along with the Vietnamese flags, strongly aligns with Vietnamese cultural symbols and traditions. The setting appears to be a public space, possibly a school or government building, which further emphasizes the áo dài's role in formal and official contexts within Vietnamese culture. The overall composition of the image, including the attire and background, is culturally rich and relevant, reflecting a deep understanding and respect for Vietnamese cultural heritage."", 'China': ""The image depicts a person wearing an áo dài, a traditional Vietnamese garment, in front of a building with Vietnamese flags. The áo dài is a cultural symbol deeply rooted in Vietnamese history and identity, reflecting the country's rich cultural heritage. However, the question asks for the cultural relevance of this image to China. The áo dài is not a cultural symbol or garment associated with China. Therefore, the image is not relevant to the culture of China.""}"
/workspace/runs/caire_in/img/765ff5eb6a35.png,peddler,https://en.wikipedia.org/wiki/peddler,"{'Vietnam': 5, 'China': 4}","{'Vietnam': 'The image depicts a person carrying goods on their shoulders, wearing a traditional conical hat, and holding baskets filled with fresh produce, which are characteristic of a street vendor in Vietnam. The attire and method of carrying goods are deeply rooted in Vietnamese culture, particularly in the context of street vendors and peddlers. The conical hat, known as a non la, is a symbol of Vietnamese identity and is commonly worn by street vendors. The baskets and the style of carrying goods are also typical of how street vendors operate in Vietnam, reflecting the cultural tradition of selling goods directly to consumers. The overall scene captures a moment that is culturally significant and representative of the daily life and economic practices in Vietnam, making it highly relevant to the Vietnamese culture.', 'China': 'The image depicts a person carrying goods on their shoulders, which is a traditional method of transporting goods in many Asian cultures, including China. The conical hat worn by the individual is also commonly associated with Chinese culture, particularly in rural areas. The baskets filled with fresh produce are typical of street vendors or peddlers, which are a part of the cultural landscape in China, especially in smaller towns and villages. The overall scene captures a moment that resonates with the historical and cultural practices of China, where peddlers played a significant role in connecting rural communities with urban markets. The image effectively portrays a cultural practice that is deeply rooted in Chinese history and tradition, making it highly relevant to the Chinese culture.'}"
/workspace/runs/caire_in/img/76cb1729b5fb.png,History_of_salt,https://en.wikipedia.org/wiki/History_of_salt,"{'Vietnam': 2, 'China': 3}","{'Vietnam': 'The image depicts a salt production site, which is a common practice in many cultures, including Vietnam. However, the specific context of the image does not provide any direct cultural references or symbols that are uniquely Vietnamese. While salt production is a historical and cultural activity in Vietnam, the image itself does not show any specific Vietnamese cultural elements like traditional tools, local customs, or specific geographical landmarks associated with salt production in Vietnam. Therefore, the image is minimally relevant to the culture of Vietnam.', 'China': 'The image depicts a salt production site, which is a common practice in many cultures, including China. While the image itself does not contain specific Chinese cultural symbols or traditions, the concept of salt production is historically significant in China. China has a rich history of salt production, with evidence of early Neolithic salt pans dating back to 3766–3647 BCE in Yorkshire, which is now part of China. The image aligns with the historical context of salt production in China, as it shows a method of salt production that is consistent with traditional practices. However, the image does not provide specific details about Chinese salt production methods or cultural associations, which limits its cultural relevance. Therefore, the score is 3, indicating that the content contains identifiable cultural references but feels generic and limited in scope.'}"
/workspace/runs/caire_in/img/770af0d6a9eb.png,Kuki_people,https://en.wikipedia.org/wiki/Kuki_people,"{'Vietnam': 1, 'China': 1}","{'Vietnam': 'The image depicts a cultural scene involving the Kuki people, who are primarily located in northeastern India. The image shows individuals performing a traditional musical and cultural activity, which includes drumming and traditional attire. However, the context of the image is not related to Vietnam, where the Kuki people are not indigenous. The image does not contain any cultural symbols, styles, or traditions that are specific to Vietnam. Therefore, the image is not culturally relevant to Vietnam.', 'China': 'The image depicts a cultural scene involving the Kuki people, who are an ethnic group primarily located in northeastern India. The image shows individuals performing a traditional musical and cultural activity, which includes drumming and traditional attire. However, the context of the image is not related to Chinese culture. The Kuki people are not a part of the Chinese cultural landscape, and the image does not contain any elements that are culturally relevant to China. Therefore, the score is 1, indicating that the image is not relevant to Chinese culture.'}"
/workspace/runs/caire_in/img/7745a917f57d.png,Water_supply_and_sanitation_in_Vietnam,https://en.wikipedia.org/wiki/Water_supply_and_sanitation_in_Vietnam,"{'Vietnam': 4, 'China': 2}","{'Vietnam': 'The image depicts a rural scene in Vietnam, featuring a person walking across a bamboo bridge over a river. This type of bridge is commonly seen in rural Vietnam, reflecting traditional construction methods and the landscape typical of the countryside. The individual wearing a conical hat, a traditional Vietnamese headwear, further reinforces the cultural context. While the image captures a specific cultural practice, it does not delve into the broader socio-economic issues related to water supply and sanitation mentioned in the provided information. The image is relevant in showcasing a cultural aspect but lacks the depth and complexity of the broader water supply and sanitation challenges discussed in the text. Therefore, it is assigned a score of 4, indicating a reasonable understanding of the culture, including accurate and appropriate references, but with room for more depth in integrating cultural aspects.', 'China': 'The image depicts a rural scene with a person walking across a bamboo bridge over a river, surrounded by lush greenery and mountains. This type of imagery is common in many parts of East Asia, including China, where traditional bamboo bridges are often used in rural areas. However, the specific details such as the style of the hat worn by the individual and the overall composition of the scene suggest a more Southeast Asian cultural context rather than a distinctly Chinese one. The image does not contain any overtly Chinese cultural symbols or traditions that are deeply ingrained in Chinese culture, such as specific architectural styles, traditional clothing, or unique cultural practices. Therefore, while the image has some superficial connections to rural life in East Asia, it lacks the depth and specificity that would make it highly relevant to Chinese culture.'}"
/workspace/runs/caire_in/img/774ca3e430ed.png,calligrapher,https://en.wikipedia.org/wiki/calligrapher,"{'Vietnam': 4, 'China': 4}","{'Vietnam': 'The image depicts a person engaged in the art of calligraphy, which is a highly respected tradition in Vietnam. The setting includes framed artworks on the wall, which appear to be traditional Vietnamese paintings or calligraphy, suggesting a cultural environment rich in artistic expression. The person is working on a piece of calligraphy, which is a direct representation of the cultural practice of calligraphy in Vietnam. The presence of traditional tools and materials further supports the cultural context. While the image does not explicitly show Vietnamese calligraphy, the overall scene strongly suggests a deep connection to Vietnamese cultural practices and values.', 'China': 'The image depicts a person engaged in the art of calligraphy, which is deeply rooted in Chinese culture. The setting includes traditional wooden furniture and framed artworks on the wall, which are consistent with the aesthetic and cultural practices of China. The person is using a brush to create a piece of calligraphy, which is a traditional form of artistic expression in China. The presence of the calligraphy tools and the style of the artwork further reinforce the cultural relevance to China. While the image does not delve into the intricate details of Chinese calligraphy styles or the historical context, it effectively captures the essence of the cultural activity, making it relevant to the topic.'}"
/workspace/runs/caire_in/img/77baf7bb95ca.png,coracle,https://en.wikipedia.org/wiki/coracle,"{'Vietnam': 2, 'China': 1}","{'Vietnam': 'The image depicts a person using a coracle on a beach at sunset. While the coracle itself is a traditional vessel used in various cultures around the world, the specific type shown in the image appears to be a Vietnamese coracle, known as thúng chai or thuyền thúng. This type of coracle is historically associated with the 10th century and is traditionally believed to have been used in battles, although its development during the French colonial period is also mentioned. The image, however, does not provide enough context to determine if the coracle in the picture is indeed a Vietnamese one or if it is a representation of a similar type of boat used in Vietnam. The setting of a beach at sunset adds a picturesque element but does not directly relate to the cultural significance of the coracle in Vietnam. Therefore, while the image includes a cultural element, it lacks the depth and specificity needed to be considered highly relevant to Vietnamese culture.', 'China': 'The image depicts a person using a coracle on a beach at sunset. While the coracle itself is a traditional watercraft, its cultural relevance to China is minimal. The coracle is primarily associated with specific regions in Europe and parts of Asia, such as Wales, Ireland, Scotland, India, Vietnam, Iraq, and Tibet. There is no direct evidence or historical record linking the coracle to Chinese culture or traditions. The image does not contain any cultural symbols, styles, or traditions that are distinctly Chinese. Therefore, the image is not culturally relevant to China.'}"
/workspace/runs/caire_in/img/781e7753b960.png,Bánh_chưng,https://en.wikipedia.org/wiki/B%C3%A1nh_ch%C6%B0ng,"{'Vietnam': 5, 'China': 1}","{'Vietnam': 'The image depicts bánh chưng, a traditional Vietnamese dish, wrapped in a green leaf and tied with a string, which are iconic symbols of Vietnamese culture. The presentation on a wooden plate and the surrounding elements like bowls and herbs further enhance the cultural context. The image captures the essence of bánh chưng, a staple food during Tết, reflecting the deep-rooted traditions and culinary practices of Vietnam. The attention to detail in the wrapping and the overall composition of the image aligns perfectly with the cultural significance of this dish, making it highly relevant to Vietnamese culture.', 'China': 'The image depicts bánh chưng, a traditional Vietnamese dish, which is not culturally relevant to China. The image showcases a food item that is specific to Vietnamese culture, with no elements that align with Chinese culinary traditions, symbols, or practices. The presence of bánh chưng in the image does not provide any insight into Chinese culture or traditions, and the context of the image does not suggest any connection to Chinese customs or celebrations. Therefore, the score is 1, indicating that the image is not relevant to China.'}"
/workspace/runs/caire_in/img/784a5939e1bd.png,West_Lake,https://en.wikipedia.org/wiki/West_Lake,"{'Vietnam': 1, 'China': 5}","{'Vietnam': 'The image depicts a traditional Chinese pavilion situated on a serene lake surrounded by lush greenery, which is characteristic of the West Lake in Hangzhou, China. The architectural style, the presence of lotus flowers, and the overall tranquil setting are deeply rooted in Chinese culture, particularly in the context of the West Lake. However, the question asks for the cultural relevance of this image to Vietnam. Given that Vietnam has a distinct cultural identity and historical context that is largely unrelated to the West Lake and its associated cultural symbols, the image does not resonate with Vietnamese cultural references or traditions. Therefore, the image is not relevant to the culture of Vietnam.', 'China': 'The image depicts a traditional Chinese pavilion situated on a serene lake, surrounded by lush greenery and lotus flowers. This scene is highly culturally relevant to China, particularly to the concept of West Lake, as described in the provided information. The architectural style of the pavilion, with its multi-tiered roof and intricate details, is quintessentially Chinese and reflective of traditional Chinese design principles. The presence of the lake, with its reflection and mist, evokes the natural beauty and tranquility associated with West Lake, a symbol of Chinese culture and history. The overall composition of the image, with its harmonious blend of architecture and nature, resonates with the aesthetic values and historical significance attributed to West Lake. The image effectively captures the essence of Chinese cultural heritage and the deep connection between human-made structures and the natural environment, making it highly relevant to the culture of China.'}"
/workspace/runs/caire_in/img/788e57014852.png,Tết,https://en.wikipedia.org/wiki/T%E1%BA%BFt,"{'Vietnam': 4, 'China': 3}","{'Vietnam': 'The image depicts a floral arrangement in a vase, which is a common decorative element in Vietnamese homes, especially during Tết. The flowers, likely peach blossoms, are a traditional symbol of spring and renewal in Vietnamese culture, particularly during Tết. The vase itself appears to be a traditional Vietnamese ceramic piece, which adds to the cultural relevance of the scene. The setting, with a table and a glimpse of a reception area, suggests a modern Vietnamese environment, which is consistent with the contemporary celebration of Tết. While the image does not explicitly show Tết-related activities or decorations, the presence of the flowers and the style of the vase strongly indicate a connection to Vietnamese cultural practices, making the image somewhat relevant to the celebration of Tết.', 'China': 'The image depicts a floral arrangement in a vase, which is a common decorative element in many cultures, including Chinese. The vase itself appears to be a traditional Chinese-style ceramic piece, which is a significant cultural symbol in China. However, the flowers in the vase do not appear to be specific to Chinese culture, as they seem to be cherry blossoms, which are more commonly associated with Japanese culture rather than Chinese. Additionally, the setting appears to be indoors, possibly in a modern home, which does not provide strong cultural context related to traditional Chinese practices. While the vase is culturally relevant, the overall composition and the flowers lack the depth and specificity needed to be considered highly relevant to Chinese culture.'}"
/workspace/runs/caire_in/img/78bedd635239.png,Mid-Autumn_Festival,https://en.wikipedia.org/wiki/Mid-Autumn_Festival,"{'Vietnam': 3, 'China': 4}","{'Vietnam': ""The image depicts a festive scene with children holding colorful star-shaped lanterns, which is a common element in various East Asian cultures, including Vietnam. While the Mid-Autumn Festival is primarily associated with Chinese culture, similar lantern festivals are celebrated in Vietnam, particularly during the Tet Trung Thu (Children's Festival), which is a significant event in Vietnamese culture. The presence of children dressed in colorful costumes and holding lanterns aligns with the cultural practice of celebrating family gatherings and traditions during this time. However, the specific details of the lanterns and the context suggest a broader East Asian influence rather than a direct Vietnamese cultural reference. Therefore, while the image captures a cultural theme that is somewhat relevant to Vietnam, it leans more towards a general East Asian festival rather than a distinctly Vietnamese celebration."", 'China': ""The image depicts a lively scene with children holding colorful star-shaped lanterns, which is a significant cultural element associated with the Mid-Autumn Festival in China. The lanterns are a direct reference to the festival's tradition of carrying brightly lit lanterns, symbolizing prosperity and good fortune. The children's attire, while not explicitly traditional, includes elements that could be interpreted as festive clothing often worn during cultural celebrations. The overall atmosphere of joy and community gathering aligns well with the festival's emphasis on family reunion and communal celebration. While the image does not include specific elements like mooncakes or traditional Chinese architecture, the presence of lanterns and the festive mood strongly suggest a connection to the Mid-Autumn Festival. Therefore, the image is considered relevant to Chinese culture, reflecting a reasonable understanding of the festival's traditions and significance.""}"
/workspace/runs/caire_in/img/7a84a67d7384.png,Bánh_mì,https://en.wikipedia.org/wiki/B%C3%A1nh_m%C3%AC,"{'Vietnam': 5, 'China': 1}","{'Vietnam': 'The image depicts a bánh mì, a quintessential Vietnamese sandwich, which is deeply rooted in Vietnamese culinary culture. The presence of the bánh mì itself, along with the accompanying condiments and vegetables, is a clear representation of Vietnamese street food culture. The baguette, a French import, has been adapted and transformed into a distinctly Vietnamese dish, reflecting the historical and cultural fusion that characterizes Vietnamese cuisine. The image captures the essence of bánh mì, which is not only a food item but also a symbol of Vietnamese identity and culinary heritage. The attention to detail in the presentation, including the fresh ingredients and the traditional preparation method, further enhances the cultural relevance of the image. Therefore, the image is highly relevant to Vietnamese culture.', 'China': 'The image depicts a bánh mì, a dish that is culturally significant in Vietnamese cuisine. However, the question asks for the cultural relevance of the image to China. Bánh mì is not a dish traditionally associated with Chinese cuisine or culture. The image, while visually appealing and potentially interesting to a Chinese audience due to its presentation, does not reflect any cultural symbols, styles, traditions, or features that are inherently linked to Chinese culture. Therefore, the image is not culturally relevant to China.'}"
/workspace/runs/caire_in/img/7b19a749ce7d.png,Embekka_Devalaya,https://en.wikipedia.org/wiki/Embekka_Devalaya,"{'Vietnam': 1, 'China': 1}","{'Vietnam': 'The image depicts a traditional wooden structure with intricate carvings, which is characteristic of Southeast Asian architecture, particularly from countries like Thailand, Laos, and parts of Vietnam. However, the specific architectural style and details shown in the image are distinctly different from those typically found in Vietnam. The style and craftsmanship are more aligned with the cultural heritage of Sri Lanka, as described in the provided information about Embekka Devalaya. Therefore, the image is not culturally relevant to Vietnam.', 'China': 'The image depicts a traditional wooden structure with intricate carvings, which is characteristic of Southeast Asian architecture, particularly from countries like Sri Lanka. The style and design of the building are distinctly different from those commonly found in Chinese architecture. The presence of such a structure in the image does not reflect any cultural elements or symbols that are relevant to Chinese culture. Therefore, the image is not culturally relevant to China.'}"
/workspace/runs/caire_in/img/7b8b25602065.png,Prunus_serrulata,https://en.wikipedia.org/wiki/Prunus_serrulata,"{'Vietnam': 3, 'China': 4}","{'Vietnam': 'The image depicts a vase filled with Prunus serrulata, commonly known as Japanese cherry blossoms, which are highly significant in Japanese culture. These blossoms are celebrated during the traditional festival of Hanami, where people gather to appreciate the beauty of the blossoms. While the image itself does not explicitly reference Vietnamese culture, the presence of Prunus serrulata in a decorative setting suggests an appreciation for floral beauty, which is a shared value across many cultures, including Vietnam. However, the image lacks specific Vietnamese cultural elements or context that would make it more relevant to Vietnamese viewers. Therefore, the score is assigned as somewhat relevant.', 'China': 'The image depicts a Prunus serrulata, commonly known as the Japanese cherry, which is a significant cultural symbol in East Asia, particularly in Japan and China. The presence of the cherry blossoms, often associated with beauty, renewal, and the transient nature of life, aligns with traditional Chinese aesthetics and cultural practices. The use of a traditional vase, which complements the natural beauty of the blossoms, further enhances the cultural relevance. Additionally, the setting appears to be a home interior, which is a common context for appreciating and displaying such cultural symbols. While the image does not explicitly reference Chinese culture, the visual elements strongly suggest a connection to East Asian cultural appreciation of nature and artistry.'}"
/workspace/runs/caire_in/img/7c335a020467.png,red_envelope,https://en.wikipedia.org/wiki/red_envelope,"{'Vietnam': 3, 'China': 5}","{'Vietnam': 'The image depicts a child receiving a red envelope, which is a common practice in many East Asian cultures, including Vietnam. The red color is significant in Vietnamese culture as it symbolizes good luck and prosperity, similar to its significance in Chinese culture. The child is dressed in traditional attire, which might suggest a festive occasion like the Lunar New Year, a time when red envelopes are traditionally given in Vietnam. The presence of red flowers in the background further enhances the festive atmosphere, which is consistent with the celebration of Lunar New Year in Vietnam. However, the image does not provide specific details about the context or the exact cultural practices related to the red envelope in Vietnam, which limits the depth of the cultural relevance. Therefore, the image is somewhat relevant but could benefit from more specific cultural context to be considered highly relevant.', 'China': 'The image depicts a child receiving a red envelope, which is a culturally significant practice in China. The red color of the envelope symbolizes good luck and is traditionally used during festivals like the Chinese New Year. The child is dressed in traditional attire, which further emphasizes the cultural context. The interaction between the child and the adult, along with the presence of red flowers in the background, reinforces the festive and familial nature of the scene. These elements collectively create a strong connection to Chinese cultural practices, making the image highly relevant to the culture of China.'}"
/workspace/runs/caire_in/img/7cd82304d770.png,Traditional_Chinese_marriage,https://en.wikipedia.org/wiki/Traditional_Chinese_marriage,"{'Vietnam': 2, 'China': 5}","{'Vietnam': ""The image depicts a traditional Chinese wedding ceremony, which is rich in cultural symbolism and traditions. The attire, decorations, and the presence of red and gold colors are significant in Chinese weddings, symbolizing good fortune and prosperity. However, the image does not reflect Vietnamese cultural elements. Vietnamese weddings, while also traditional, have distinct customs and attire that differ from those depicted in the image. The bride and groom's outfits, the specific rituals, and the overall setting are more aligned with Chinese cultural practices rather than Vietnamese ones. Therefore, while the image is relevant to the concept of traditional marriage, it is not culturally relevant to Vietnam."", 'China': '```json {   ""score"": 5,   ""reasoning"": ""The image depicts a traditional Chinese wedding ceremony, which is highly relevant to the culture of China. Several key elements align with the cultural context'}"
/workspace/runs/caire_in/img/7d54020a19d9.png,Lady_Po_Nagar,https://en.wikipedia.org/wiki/Lady_Po_Nagar,"{'Vietnam': 3, 'China': 1}","{'Vietnam': ""The image depicts a structure that appears to be a Cham tower, which is historically significant in Vietnam, particularly in the region of Ninh Thuan. The Cham towers are a testament to the Cham civilization, which flourished along the coast of Vietnam and Cambodia. While the image itself does not directly reference the concept of 'Lady Po Nagar,' the Cham towers are closely associated with Cham mythology and history, which is part of the broader cultural heritage of Vietnam. The presence of such historical architecture in the image suggests a connection to the Cham culture, which is a significant part of Vietnam's diverse cultural landscape. However, the image alone does not provide enough context or specific details about the Cham mythology to fully capture the depth of the cultural relevance. Therefore, the score is assigned as 'Somewhat Relevant' due to the historical and cultural significance of the Cham towers in Vietnam."", 'China': 'The image depicts a structure that appears to be a Cham tower, which is historically significant to the Cham people, a group native to Vietnam. The architecture and style of the tower are distinctly Southeast Asian, particularly Cham, and do not reflect any cultural elements directly related to China. The presence of the tower in the image does not provide any direct connection to Chinese culture or history. Therefore, the image is not culturally relevant to China.'}"
/workspace/runs/caire_in/img/7db70faf3f4c.png,Kampung_Laut_Mosque,https://en.wikipedia.org/wiki/Kampung_Laut_Mosque,"{'Vietnam': 1, 'China': 1}","{'Vietnam': 'The image depicts a structure with a conical thatched roof, which is characteristic of traditional Malay architecture. This type of building is not representative of Vietnamese cultural architecture. The presence of people wearing traditional attire in the image further suggests a cultural context that is distinctly Malay, not Vietnamese. Given these observations, the image is not culturally relevant to Vietnam.', 'China': 'The image depicts a structure with a conical thatched roof, which is characteristic of traditional Malay architecture. This type of building is not representative of Chinese cultural architecture or traditions. The image does not contain any elements that are culturally relevant to China, such as Chinese characters, traditional Chinese architectural styles, or cultural symbols. Therefore, the image is not relevant to the culture of China.'}"
/workspace/runs/caire_in/img/7fdc3c6b8922.png,Embekka_Devalaya,https://en.wikipedia.org/wiki/Embekka_Devalaya,"{'Vietnam': 1, 'China': 1}","{'Vietnam': 'The image depicts a traditional wooden structure with intricate carvings, which is characteristic of Southeast Asian architecture, particularly from countries like Thailand, Laos, and parts of Vietnam. However, the specific architectural style and details shown in the image are distinctly different from those typically found in Vietnam. The style and craftsmanship are more aligned with the cultural heritage of Sri Lanka, as described in the provided information about Embekka Devalaya. Therefore, the image is not culturally relevant to Vietnam.', 'China': 'The image depicts a traditional wooden structure with intricate carvings, which is characteristic of Southeast Asian architecture, particularly from countries like Sri Lanka. The style and design of the building are distinctly different from those commonly found in Chinese architecture. The presence of such a structure in the image does not reflect any cultural elements or symbols that are relevant to Chinese culture. Therefore, the image is not culturally relevant to China.'}"
/workspace/runs/caire_in/img/8069b6ca7d94.png,beef_broth,https://en.wikipedia.org/wiki/beef_broth,"{'Vietnam': 4, 'China': 3}","{'Vietnam': 'The image depicts a bowl of pho, a traditional Vietnamese noodle soup, which is highly culturally relevant to Vietnam. Pho is a staple dish in Vietnamese cuisine, symbolizing comfort, tradition, and cultural identity. The presence of steam rising from the bowl suggests the soup is freshly made, which is a common practice in Vietnamese dining culture. The use of chopsticks and the wooden table further reinforce the cultural context, as these are traditional eating utensils and dining surfaces in Vietnam. While the image does not explicitly mention beef broth, the overall presentation aligns with the typical appearance of pho, making it a strong representation of Vietnamese culinary culture.', 'China': 'The image depicts a bowl of beef broth, which is a common dish in Chinese cuisine. While the presence of beef broth itself is culturally relevant to Chinese culinary traditions, the specific presentation and style of the dish do not strongly reflect traditional Chinese dining practices. The use of chopsticks and the wooden table suggest a modern or Western-style dining setup rather than a traditional Chinese setting. Additionally, the garnish and the overall presentation, while appetizing, do not include the typical Chinese elements like soy sauce or rice noodles that might be expected in a more authentic Chinese context. Therefore, while the concept of beef broth is relevant, the image itself does not fully capture the depth and richness of Chinese cultural dining experiences.'}"
/workspace/runs/caire_in/img/80d749e36dde.png,Dai_pai_dong,https://en.wikipedia.org/wiki/Dai_pai_dong,"{'Vietnam': 1, 'China': 4}","{'Vietnam': 'The image depicts a scene that appears to be a street food stall, possibly a dai pai dong, which is a type of open-air food stall commonly found in Hong Kong. However, the context provided in the question specifies that we need to evaluate the cultural relevance of this image to Vietnam. Given that the concept of dai pai dong is specific to Hong Kong and not a common cultural feature in Vietnam, the image does not reflect Vietnamese culture. Therefore, the score is 1, indicating that the content does not connect with or reflect the target culture at all.', 'China': ""The image depicts a scene that is highly relevant to the concept of 'dai pai dong,' which is a type of open-air food stall originating from Hong Kong. The setting includes red plastic stools, a casual dining environment, and a menu board, all of which are characteristic of a dai pai dong. The presence of multiple people seated at tables, engaging in what appears to be a communal meal, aligns with the cultural practice of sharing food in such settings. While the image itself is not explicitly from China, the cultural context and elements strongly suggest a connection to Chinese culture, particularly Hong Kong's culinary and social traditions. The image effectively captures the essence of a dai pai dong, making it relevant to the broader cultural understanding of this concept.""}"
/workspace/runs/caire_in/img/81113de0189d.png,Asian_conical_hat,https://en.wikipedia.org/wiki/Asian_conical_hat,"{'Vietnam': 4, 'China': 3}","{'Vietnam': ""The image depicts a person wearing a conical hat in a rural setting, which aligns with the cultural context of Vietnam. The conical hat, known as 'nón lá' in Vietnam, is a traditional headwear that is deeply rooted in Vietnamese culture, particularly in rural areas. The setting of a rice field at sunset is also culturally significant in Vietnam, as rice farming is a major part of the country's agricultural heritage. The image effectively captures a moment that resonates with Vietnamese rural life and traditional attire, making it somewhat relevant to the culture. However, the modern clothing of the individual contrasts slightly with the traditional conical hat, which might limit the overall cultural immersion. Despite this minor discrepancy, the image successfully represents a cultural element that is highly relevant to Vietnam."", 'China': 'The image depicts a person wearing a conical hat in a rural setting, which aligns with the cultural context of the Asian conical hat being used for agricultural purposes. However, the specific details such as the material and design of the hat, as well as the attire of the individual, do not provide enough specificity to directly link the image to a particular region within China. The conical hat is a general symbol across many Asian cultures, and its use in China is not as distinct as in other regions like Vietnam or the Philippines, where the hat has more specific cultural associations. Therefore, while the image does touch upon a cultural element, it lacks the depth and specificity needed to be considered highly relevant to China.'}"
/workspace/runs/caire_in/img/81fee2995d23.png,Longji,https://en.wikipedia.org/wiki/Longji,"{'Vietnam': 1, 'China': 5}","{'Vietnam': ""The image depicts rice terraces, which are a significant agricultural practice in many parts of Asia, particularly in countries like the Philippines, Indonesia, and parts of China. However, the specific mention of 'Longji' in the context of the image refers to a location in China, specifically in the Longsheng Various Nationalities Autonomous County. This indicates that the image is not directly related to Vietnamese culture, as rice terraces in Vietnam are typically associated with different regions such as Sapa and Mu Cang Chai, which are not mentioned here. Therefore, the image, while visually striking, does not align with the cultural relevance to Vietnam."", 'China': 'The image depicts the Longsheng Rice Terraces, which are a globally recognized symbol of Chinese agricultural heritage and cultural identity. The terraced fields, a hallmark of traditional Chinese farming techniques, are intricately carved into the mountainsides, reflecting the ingenuity and hard work of generations of farmers. The setting sun enhances the visual appeal, adding a sense of tranquility and timelessness that resonates with the cultural appreciation for harmony with nature. The image captures the essence of rural life in China, showcasing the deep-rooted connection between people and their land. The presence of these terraces in the image directly aligns with the cultural significance attributed to them in China, making it highly relevant to the Chinese culture.'}"
/workspace/runs/caire_in/img/828f01d3ca0c.png,Salt evaporation pond,https://en.wikipedia.org/wiki/Salt%20evaporation%20pond,"{'Vietnam': 2, 'China': 3}","{'Vietnam': 'The image depicts salt evaporation ponds, which are a common feature in many cultures worldwide, including Vietnam. While the image itself does not explicitly depict a specific Vietnamese cultural context, the concept of salt evaporation ponds is historically significant in Vietnam. The practice of salt farming in Vietnam dates back thousands of years, with archaeological evidence suggesting that salt production was already established in the Neolithic period. However, the image does not provide any specific Vietnamese cultural symbols, styles, or traditions that are directly represented. Therefore, while the concept is relevant to Vietnamese history and culture, the image itself is somewhat generic and lacks the depth and specificity needed to be considered highly relevant.', 'China': ""The image depicts salt evaporation ponds, which are historically significant in various cultures, including China. While the image itself does not directly feature Chinese cultural symbols or specific traditions, the concept of salt production and evaporation ponds has historical roots in China. The presence of salt production in China dates back to the Neolithic period, with archaeological evidence indicating salt production in the Three Gorges region by the first millennium BC. The image aligns with the historical context of salt production in China, which is relevant to the country's cultural heritage. However, the image lacks specific Chinese cultural elements or symbols that would make it more deeply relevant. Therefore, it is somewhat relevant but could benefit from more specific cultural references to be considered highly relevant.""}"
/workspace/runs/caire_in/img/84f87f328482.png,cycle_rickshaw,https://en.wikipedia.org/wiki/cycle_rickshaw,"{'Vietnam': 4, 'China': 4}","{'Vietnam': ""The image depicts a group of people riding cycle rickshaws, which are commonly known as cyclos in Vietnam. The rickshaws have red and yellow canopies, which are characteristic of cyclos in Vietnam. The presence of cyclos in the image suggests a connection to Vietnamese culture, as they are a significant part of the city's identity and history. The cyclos are often used for both transportation and tourism, reflecting their cultural importance. The attire of the riders and the overall setting also align with the urban environment of Vietnam. Therefore, the image is relevant to Vietnamese culture, although it could be more specific to highlight the cultural significance of cyclos in a more immersive manner."", 'China': ""The image depicts cycle rickshaws, which are a common mode of transportation in several Asian countries, including China. The rickshaws in the image are adorned with red and yellow decorations, which are colors often associated with good luck and prosperity in Chinese culture. The design and style of the rickshaws, with their ornate canopies and traditional appearance, resonate with the cultural aesthetics of China. Additionally, the presence of a modern building in the background suggests a blend of traditional and contemporary elements, which is a common theme in urban China. The overall scene captures a moment that is culturally significant, reflecting the integration of traditional transportation methods with modern urban landscapes. Therefore, the image is relevant to the culture of China, as it showcases a traditional element that is deeply rooted in the country's history and current urban environment.""}"
/workspace/runs/caire_in/img/85b126d9d14d.png,Bánh_tét,https://en.wikipedia.org/wiki/B%C3%A1nh_t%C3%A9t,"{'Vietnam': 5, 'China': 1}","{'Vietnam': 'The image depicts bánh tét, a traditional Vietnamese dish, which is highly relevant to Vietnamese culture. The use of banana leaves, a common ingredient in Vietnamese cuisine, and the specific appearance of the bánh tét, with its distinct green color and layered filling, are culturally significant. The presentation on a banana leaf, a traditional method of serving, further enhances the cultural authenticity. The image captures the essence of the dish, reflecting the care and tradition involved in its preparation, which is deeply ingrained in Vietnamese culinary practices. The vibrant colors and the meticulous arrangement of the slices also resonate with the aesthetic appreciation of food in Vietnamese culture. Therefore, the image is highly relevant to Vietnam.', 'China': 'The image depicts bánh tét, a traditional Vietnamese dish, which is not culturally relevant to China. The image showcases a food item that is specific to Vietnamese cuisine and traditions, particularly associated with the Vietnamese Lunar New Year. There are no cultural symbols, styles, or traditions from China represented in the image. The content does not connect with or reflect the culture of China at all.'}"
/workspace/runs/caire_in/img/86ef41468f25.png,Mid-Autumn_Festival,https://en.wikipedia.org/wiki/Mid-Autumn_Festival,"{'Vietnam': 4, 'China': 5}","{'Vietnam': ""The image depicts a festive scene with children holding star-shaped lanterns, which is a common cultural practice during the Mid-Autumn Festival in many East and Southeast Asian countries, including Vietnam. The Mid-Autumn Festival is celebrated in Vietnam as Tết Trung Thu, which is a significant cultural event. The presence of star-shaped lanterns aligns with the traditional practices of the Mid-Autumn Festival, indicating a strong cultural relevance. Additionally, the children's attire and the overall festive atmosphere suggest a celebration that is deeply rooted in Vietnamese culture. While the image does not explicitly mention the Mid-Autumn Festival or Tết Trung Thu, the visual elements strongly suggest a connection to this cultural event. Therefore, the image is considered highly relevant to the Vietnamese culture."", 'China': '```json {   ""score"": 5,   ""reasoning"": ""The image is highly relevant to Chinese culture, particularly to the Mid-Autumn Festival. Several key elements align perfectly with the cultural context of the '}"
/workspace/runs/caire_in/img/8789903071a4.png,Music_of_China,https://en.wikipedia.org/wiki/Music_of_China,"{'Vietnam': 1, 'China': 5}","{'Vietnam': 'The image depicts a performer playing a traditional Chinese instrument, likely a guzheng, which is a stringed instrument commonly used in Chinese classical music. The attire worn by the performer is also traditional Chinese clothing, which is not representative of Vietnamese cultural attire. Given that the image is focused on Chinese cultural elements and does not reflect any Vietnamese cultural symbols, styles, or traditions, it is not culturally relevant to Vietnam.', 'China': 'The image depicts a performer playing a traditional Chinese instrument, likely a guzheng, which is a quintessential part of Chinese musical heritage. The attire worn by the performer is also traditional, featuring intricate embroidery and a style that is characteristic of Chinese clothing, reflecting the cultural significance of traditional dress in Chinese music performances. The background, while abstract, includes elements that resemble traditional Chinese art and architecture, reinforcing the cultural context. The overall scene is rich with cultural symbols and traditions, making it highly relevant to the concept of Chinese music.'}"
/workspace/runs/caire_in/img/87d570f4691c.png,Floating_market,https://en.wikipedia.org/wiki/Floating_market,"{'Vietnam': 5, 'China': 1}","{'Vietnam': 'The image depicts a scene that is highly relevant to the culture of Vietnam. The presence of conical hats worn by the individuals, the wooden boats, and the variety of fresh produce being sold are all strong indicators of a traditional floating market in Vietnam. The setting, attire, and goods are consistent with the historical and cultural practices of floating markets in the Mekong Delta region of Vietnam. The vibrant colors of the produce and the traditional attire further enhance the authenticity and cultural richness of the scene. This image effectively captures the essence of a floating market, which is deeply rooted in Vietnamese culture and history.', 'China': 'The image depicts a floating market, which is a cultural practice primarily associated with Southeast Asian countries like Thailand, Vietnam, and Indonesia. The scene includes individuals wearing conical hats, which are characteristic of Southeast Asian cultures, particularly those in Vietnam. However, the image does not provide any direct cultural references specific to China. There are no elements that are distinctly Chinese, such as traditional Chinese clothing, architecture, or cultural symbols. The context of the image, while visually interesting, does not align with Chinese cultural practices or traditions. Therefore, the image is not culturally relevant to China.'}"
/workspace/runs/caire_in/img/87ed4e113a2d.png,Điện Biên Phủ Victory Museum,https://en.wikipedia.org/wiki/%C4%90i%E1%BB%87n%20Bi%C3%AAn%20Ph%E1%BB%A7%20Victory%20Museum,"{'Vietnam': 2, 'China': 1}","{'Vietnam': 'The image depicts a traditional Vietnamese architectural style, characterized by a sloped roof with decorative elements typical of Vietnamese temples or historical buildings. However, the context provided specifies that the image is related to the Điện Biên Phủ Victory Museum, which is a specific historical site in Vietnam. The architecture in the image does not directly relate to the museum itself but rather to a general representation of Vietnamese cultural heritage. While the architectural style is culturally relevant to Vietnam, the image does not provide direct evidence of the specific historical context or exhibits mentioned in the description of the museum. Therefore, it can be considered minimally relevant due to the lack of direct connection to the specific cultural and historical context of the Điện Biên Phủ Victory Museum.', 'China': 'The image depicts a traditional Vietnamese architectural style, specifically the roof design of what appears to be a temple or historical building. This style is distinctively Vietnamese and does not share any direct cultural relevance to China. The architecture, while aesthetically pleasing, is not representative of Chinese cultural symbols, styles, or traditions. Therefore, the image is not culturally relevant to China.'}"
/workspace/runs/caire_in/img/8a5f8046b990.png,Lau_Dan,https://en.wikipedia.org/wiki/Lau_Dan,"{'Vietnam': 1, 'China': 1}","{'Vietnam': ""The image depicts a street scene in what appears to be a Southeast Asian country, possibly Vietnam, given the architectural style and the presence of red plastic stools commonly found in local eateries. However, the image does not contain any direct cultural symbols, styles, or traditions that are specifically associated with Vietnam. The concept of 'Lau Dan' mentioned in the provided information is related to a Hong Kong actor, which is not relevant to the cultural context of the image. Therefore, the image does not reflect any cultural aspects of Vietnam, making it minimally relevant."", 'China': 'The image depicts a street scene with people sitting around tables, likely engaged in a social activity such as eating or playing games. While the setting appears to be in a Southeast Asian country, possibly Vietnam, due to the style of the stools and the general ambiance, there are no clear cultural symbols, styles, or traditions that directly relate to China. The image does not contain any elements that are distinctly Chinese, such as specific architectural features, traditional clothing, or cultural artifacts. Therefore, the image is not culturally relevant to China.'}"
/workspace/runs/caire_in/img/8cb3f1ace245.png,Sichuan_opera,https://en.wikipedia.org/wiki/Sichuan_opera,"{'Vietnam': 1, 'China': 4}","{'Vietnam': 'The image depicts a scene that appears to be part of a performance, possibly a traditional Chinese opera, given the presence of performers on water and the ornate costumes. However, the specific details of the image, such as the setting, costumes, and the overall aesthetic, do not provide any direct cultural relevance to Vietnam. The image does not contain any elements that are distinctly Vietnamese, such as traditional Vietnamese attire, architecture, or cultural symbols. Therefore, the image is not culturally relevant to Vietnam.', 'China': ""The image depicts a scene that strongly aligns with the cultural practices and aesthetics of Sichuan opera. The performers are dressed in elaborate costumes, which are characteristic of Sichuan opera, and the setting appears to be a body of water with floating platforms, reminiscent of the traditional outdoor performances of Sichuan opera. The presence of a stage with performers in the background further supports the cultural context. The overall composition and lighting evoke a sense of traditional Chinese performance art, which is a significant part of Sichuan opera's heritage. While the image does not explicitly show face-changing or other specific Sichuan opera techniques, the general setting and attire suggest a strong cultural relevance to the concept of Sichuan opera. Therefore, the image is considered relevant to the culture of China, reflecting a reasonable understanding of the cultural elements.""}"
/workspace/runs/caire_in/img/8dd003779de1.png,pho,https://en.wikipedia.org/wiki/pho,"{'Vietnam': 5, 'China': 2}","{'Vietnam': 'The image depicts a bowl of pho, a quintessential Vietnamese dish, which is deeply culturally relevant to Vietnam. The presence of steam rising from the bowl, the traditional ceramic bowl, the wooden chopsticks, and the garnish of cilantro and green onions are all culturally significant elements that resonate strongly with Vietnamese culinary traditions. The overall presentation and the context of the image align perfectly with the cultural practices and aesthetics associated with pho, making it highly relevant to the Vietnamese culture.', 'China': 'The image depicts a bowl of pho, a Vietnamese dish, which is not directly related to Chinese culture. While the image showcases a culturally significant food item, the context and the cultural background of pho are distinctly Vietnamese. The image does not contain any elements that are culturally relevant to China, such as Chinese cuisine, symbols, or traditions. Therefore, the image is minimally relevant to Chinese culture, as it shows a food item that is not part of Chinese culinary traditions and lacks any direct cultural references to China.'}"
/workspace/runs/caire_in/img/8f40d3d859d7.png,Sichuan_opera,https://en.wikipedia.org/wiki/Sichuan_opera,"{'Vietnam': 1, 'China': 5}","{'Vietnam': 'The image depicts performers dressed in elaborate, colorful costumes on a stage with a backdrop that suggests a traditional Chinese setting, likely representing Sichuan opera. However, the question asks us to evaluate the cultural relevance of this image to Vietnam. Given that Sichuan opera originates from Sichuan province in China and has no direct historical or cultural connection to Vietnam, the image does not reflect Vietnamese cultural symbols, styles, traditions, or any specific features that align with Vietnamese culture. Therefore, the image is not relevant to Vietnam.', 'China': ""The image depicts a scene that is highly indicative of Sichuan opera, a cultural form deeply rooted in Chinese tradition. The performers are dressed in elaborate, traditional costumes that are characteristic of Sichuan opera, with vibrant colors and intricate designs. The setting is a stage with ornate decorations that mimic the grandeur of a traditional Chinese palace, which is a common backdrop in Sichuan opera performances. The performers' postures and gestures suggest a choreographed dance or theatrical performance, which is a key element of Sichuan opera. The overall composition of the image, including the costumes, stage design, and the performers' attire, aligns perfectly with the cultural symbols and traditions associated with Sichuan opera. Therefore, the image is highly relevant to the culture of China, particularly to Sichuan opera.""}"
/workspace/runs/caire_in/img/8f43cc41d6be.png,Sichuan_opera,https://en.wikipedia.org/wiki/Sichuan_opera,"{'Vietnam': 1, 'China': 4}","{'Vietnam': 'The image depicts a performer in a traditional Chinese opera costume, specifically resembling Sichuan opera attire, which is not culturally relevant to Vietnam. Sichuan opera is a form of Chinese opera originating in Sichuan province, China, and has no direct connection to Vietnamese culture. The image does not contain any elements that are culturally significant to Vietnam, nor does it reflect any Vietnamese cultural symbols, traditions, or styles. Therefore, the score is assigned as 1, indicating that the image is not relevant to the culture of Vietnam.', 'China': ""The image depicts a performer in a traditional Chinese costume, which is highly indicative of Sichuan opera. The vibrant red and gold attire, adorned with intricate patterns, is characteristic of the elaborate costumes worn in Sichuan opera performances. The performer's pose and the flowing fabric of the costume suggest a dance or theatrical movement, which is a fundamental element of Sichuan opera. The background, although somewhat blurred, hints at a stage setting typical of theatrical performances, further supporting the cultural context. While the image does not provide explicit details about the specific elements of Sichuan opera such as mask changes or the use of gongs and drums, the overall visual representation strongly aligns with the cultural practices and aesthetics of Sichuan opera. Therefore, the image is considered relevant to the culture of China, particularly to Sichuan opera, with a score of 4.""}"
/workspace/runs/caire_in/img/90d9525519b8.png,Hội_An,https://en.wikipedia.org/wiki/H%E1%BB%99i_An,"{'Vietnam': 5, 'China': 2}","{'Vietnam': ""The image depicts a vibrant street scene in what appears to be the Old Town of Hội An, a UNESCO World Heritage Site. The presence of traditional red lanterns hanging overhead is a strong cultural symbol deeply rooted in Vietnamese heritage, particularly in the context of Hội An. These lanterns are often used during festivals and celebrations, adding a festive and authentic atmosphere to the scene. The architecture of the buildings, the style of the street, and the overall ambiance are consistent with the historical and cultural context of Hội An. The image captures the essence of the area's rich history and cultural significance, making it highly relevant to the Vietnamese culture."", 'China': 'The image depicts a street scene with red lanterns hanging overhead, which is a common sight in many East Asian cultures, particularly in China during festivals like the Lantern Festival. However, the specific context of the image, which includes the architectural style of the buildings and the overall ambiance, suggests a location that is more aligned with Vietnamese culture rather than Chinese. The presence of people wearing traditional Vietnamese clothing and the style of the buildings further supports this. While the red lanterns are a cultural symbol often associated with China, their use in this context does not necessarily indicate a strong cultural relevance to China itself. Instead, it reflects a broader East Asian cultural influence, which is not as specific to China as one might expect.'}"
/workspace/runs/caire_in/img/90f1eb659922.png,pottery,https://en.wikipedia.org/wiki/pottery,"{'Vietnam': 4, 'China': 4}","{'Vietnam': ""The image depicts a potter working with clay, which is a traditional craft in Vietnam. The potter is wearing a straw hat, a common headwear in rural Vietnam, and is engaged in the process of shaping clay on a potter's wheel. The background shows shelves filled with various ceramic items, suggesting a pottery workshop. While the image does not explicitly show Vietnamese cultural symbols or specific traditions, the activity itself is deeply rooted in Vietnamese culture, particularly in rural areas where pottery is a traditional craft passed down through generations. The scene captures a moment of craftsmanship that is both practical and artistic, reflecting the cultural significance of pottery in Vietnam."", 'China': ""The image depicts a potter working with clay, which is a traditional craft in China. The potter is wearing a straw hat, a common attire for potters in rural China, and is engaged in the process of shaping clay on a potter's wheel. The background shows shelves filled with various ceramic items, which are typical in a pottery workshop. The overall scene reflects a traditional craft that has deep roots in Chinese culture, particularly in regions where pottery is a significant part of local traditions and livelihoods. While the image captures a specific cultural practice, it does not delve into the historical or artistic nuances of Chinese pottery, which could have made it more relevant. Therefore, the score is 4.""}"
/workspace/runs/caire_in/img/91aefd8e4d27.png,Quan_họ,https://en.wikipedia.org/wiki/Quan_h%E1%BB%8D,"{'Vietnam': 4, 'China': 1}","{'Vietnam': 'The image depicts a person wearing traditional Vietnamese attire, specifically an ao dai, which is a long dress worn by women in Vietnam. The ao dai is often associated with cultural events and is a symbol of Vietnamese identity. Additionally, the person is holding a conical hat, another iconic element of Vietnamese culture, often used in traditional settings like festivals and ceremonies. These elements are strongly linked to Vietnamese tradition and culture. However, the image does not directly reference the Quan Họ singing style mentioned in the provided information, which is a specific cultural practice. Therefore, while the image is culturally relevant to Vietnam due to the traditional clothing and hat, it does not fully capture the essence of the Quan Họ style, which is a more specific cultural expression.', 'China': 'The image depicts a person wearing traditional Vietnamese clothing, specifically an ao dai, which is a traditional Vietnamese dress. The ao dai is not culturally relevant to China. Additionally, the person is holding a conical hat, which is also a traditional Vietnamese headwear. There are no elements in the image that are culturally significant to China. Therefore, the image is not relevant to Chinese culture.'}"
/workspace/runs/caire_in/img/9335cc5e73e4.png,Sichuan_opera,https://en.wikipedia.org/wiki/Sichuan_opera,"{'Vietnam': 1, 'China': 4}","{'Vietnam': 'The image depicts performers in vibrant, traditional Chinese attire, likely representing a scene from Sichuan opera. Sichuan opera is a distinct cultural form originating from Sichuan province in China, not Vietnam. The attire, costumes, and overall aesthetic are indicative of Chinese cultural elements rather than Vietnamese ones. Therefore, the image is not culturally relevant to Vietnam, as it does not reflect any cultural symbols, styles, or traditions specific to Vietnamese culture.', 'China': ""The image depicts performers in vibrant, traditional Chinese attire, likely representing a scene from a Sichuan opera performance. The elaborate costumes, rich in color and intricate patterns, are indicative of the cultural significance and artistic expression found in Sichuan opera. The performers' dynamic poses and the theatrical setting further suggest a performance steeped in cultural tradition. While the image does not explicitly show the face-changing or other specific elements of Sichuan opera, the overall visual presentation aligns strongly with the cultural context of Chinese opera, particularly Sichuan opera. The use of traditional Chinese garments and the dramatic stage lighting contribute to a sense of authenticity and cultural richness, making the image relevant to the cultural heritage of China.""}"
/workspace/runs/caire_in/img/93643b122cdc.png,Manchu_people,https://en.wikipedia.org/wiki/Manchu_people,"{'Vietnam': 1, 'China': 4}","{'Vietnam': 'The image depicts a person wearing traditional Manchu attire, which is culturally significant to the Manchu people. However, the context of the image is set in what appears to be a Vietnamese cultural setting, as indicated by the Vietnamese text on the table and the overall decor. The presence of Vietnamese cultural elements in the background suggests that the image is likely staged or edited to fit a Vietnamese context rather than being a genuine representation of Manchu culture. Given that the image combines elements from two distinct cultures without a clear thematic or narrative link, it lacks cultural relevance to Vietnam. Therefore, the score is 1.', 'China': 'The image depicts a person wearing traditional Manchu attire, which includes a black robe with intricate embroidery and a headscarf. The setting appears to be a traditional Chinese interior, possibly reflecting a historical or cultural context. The presence of a ceramic bowl and flowers adds to the cultural ambiance, suggesting a scene that is rooted in traditional Chinese aesthetics and practices. While the image does not explicitly reference the Manchu people, the attire and setting strongly suggest a connection to Chinese cultural heritage, particularly the Manchu culture within China. The overall composition and elements in the image align well with the cultural context of China, making it relevant to the topic of Manchu people.'}"
/workspace/runs/caire_in/img/9513cadfd40e.png,Món_cuốn,https://en.wikipedia.org/wiki/M%C3%B3n_cu%E1%BB%91n,"{'Vietnam': 4, 'China': 1}","{'Vietnam': 'The image depicts a plate of Món cuốn, which is a traditional Vietnamese dish. The presence of bánh tráng (Vietnamese rice paper) wrapped around various fillings, garnished with herbs, and served with a dipping sauce is indicative of Vietnamese culinary practices. The dish is presented in a way that is consistent with Vietnamese food presentation, emphasizing freshness and simplicity. The inclusion of fresh herbs and the overall aesthetic align with Vietnamese cultural values of using fresh ingredients and maintaining a clean, appealing presentation. While the image does not delve into the specific cultural nuances of Món cuốn, such as the variety of fillings or the assembly process, it accurately represents the dish itself, making it relevant to the Vietnamese culture.', 'China': 'The image depicts Món cuốn, a dish that is traditionally associated with Vietnamese cuisine. The presence of bánh tráng (Vietnamese rice paper) and the style of the dish strongly suggest a Vietnamese origin rather than a Chinese one. The image does not contain any cultural symbols, styles, or traditions that are specific to Chinese cuisine. Therefore, the image is not relevant to the culture of China.'}"
/workspace/runs/caire_in/img/9553c1af494b.png,Agriculture_in_Sri_Lanka,https://en.wikipedia.org/wiki/Agriculture_in_Sri_Lanka,"{'Vietnam': 1, 'China': 1}","{'Vietnam': 'The image depicts a person wearing a traditional straw hat in a rice field during sunset. This scene is highly indicative of agricultural practices in Southeast Asian countries like Sri Lanka, where rice cultivation is a significant part of the culture and economy. However, the image does not provide any specific cultural symbols, styles, or traditions that are uniquely Vietnamese. The attire and setting, while evocative of agricultural life, do not reflect the distinct cultural nuances and practices that are characteristic of Vietnam. Therefore, the image is not culturally relevant to Vietnam.', 'China': 'The image depicts a person wearing a traditional straw hat in a rice field during sunset. This scene is culturally significant in Sri Lanka, where rice production is a cornerstone of the agricultural sector and a staple food. However, the image is not culturally relevant to China. The setting and attire, while visually appealing, do not reflect any specific cultural symbols, traditions, or practices that are integral to Chinese culture. The image lacks any direct cultural references that would make it resonate with Chinese viewers, making it minimally relevant.'}"
/workspace/runs/caire_in/img/95913f860507.png,Lady_Po_Nagar,https://en.wikipedia.org/wiki/Lady_Po_Nagar,"{'Vietnam': 3, 'China': 1}","{'Vietnam': ""The image depicts a structure that appears to be a Cham tower, which is historically significant in Vietnam, particularly in the region of Ninh Thuan. The Cham towers are a testament to the Cham civilization, which flourished in southern Vietnam before being assimilated into the Vietnamese culture. While the image itself does not directly reference the concept of 'Lady Po Nagar,' the Cham towers are closely associated with Cham mythology and history, which is part of the broader Vietnamese cultural heritage. The presence of such historical architecture in the image suggests a connection to the Cham culture, which is a significant part of Vietnam's diverse cultural landscape. However, the image alone does not provide enough context or specific details about the Cham mythology to fully capture the depth of the cultural relevance. Therefore, the score is assigned as 'Somewhat Relevant' due to the historical and cultural significance of the Cham towers in Vietnam."", 'China': ""The image depicts a structure that appears to be a Cham tower, which is historically significant to the Cham people, a group native to Vietnam. The concept of 'Lady Po Nagar' is closely tied to Cham culture and mythology, particularly in relation to the Cham people's history and beliefs. However, the image itself does not provide any direct visual or symbolic connection to China. There are no elements in the image that suggest a link to Chinese culture, such as architectural styles, symbols, or traditions that are characteristic of China. Therefore, the image is not culturally relevant to China.""}"
/workspace/runs/caire_in/img/95db29597c14.png,Bánh_tét,https://en.wikipedia.org/wiki/B%C3%A1nh_t%C3%A9t,"{'Vietnam': 4, 'China': 1}","{'Vietnam': ""The image depicts bánh tét, a traditional Vietnamese dish, which is highly relevant to Vietnamese culture. The presence of bánh tét on a banana leaf, a common serving method, along with the accompanying dipping sauce, aligns with traditional Vietnamese culinary practices. The use of a banana leaf as a serving plate is a significant cultural symbol in Vietnam, often associated with the preparation and presentation of this dish. Additionally, the image captures the essence of the dish's preparation and consumption, which is deeply rooted in Vietnamese traditions and celebrations, particularly during Tết. The overall composition of the image, with its focus on the food and the cultural context, effectively communicates the cultural significance of bánh tét."", 'China': 'The image depicts bánh tét, a traditional Vietnamese dish, which is not culturally relevant to China. The image includes elements such as a banana leaf, which is commonly used in Vietnamese cuisine, and the dish itself is a specific type of Vietnamese cake. These elements do not align with Chinese culinary traditions or cultural practices. Therefore, the image is not relevant to the culture of China.'}"
/workspace/runs/caire_in/img/973d03057bcb.png,red_envelope,https://en.wikipedia.org/wiki/red_envelope,"{'Vietnam': 3, 'China': 5}","{'Vietnam': 'The image depicts a red envelope being held by two individuals, which is a cultural symbol strongly associated with the Chinese tradition of giving red envelopes during festivals like Chinese New Year. While the image itself is culturally relevant to the concept of red envelopes, which are widely recognized in Chinese culture, the specific context of the image does not provide enough detail to determine if it is directly related to the Vietnamese culture. The Vietnamese tradition of giving red envelopes during the Lunar New Year is different in terms of the occasion and the way the envelopes are used. The image does not show any Vietnamese-specific cultural elements or traditions, making it somewhat relevant but not deeply connected to Vietnamese culture.', 'China': 'The image depicts a red envelope being held by two individuals, which is a highly significant cultural symbol in China. The red color and gold patterns are traditional elements associated with good fortune and prosperity, particularly during festivals like the Chinese New Year. The act of exchanging red envelopes is a deeply rooted tradition in Chinese culture, symbolizing blessings and financial well-being. The image accurately captures the essence of this cultural practice, making it highly relevant to the Chinese context. The hands and the red envelope itself are central to the image, emphasizing the cultural significance without any superficial or generic elements.'}"
/workspace/runs/caire_in/img/977cff85f031.png,Sichuan_opera,https://en.wikipedia.org/wiki/Sichuan_opera,"{'Vietnam': 1, 'China': 4}","{'Vietnam': 'The image depicts performers in vibrant, traditional Chinese attire, likely representing a scene from Sichuan opera. Sichuan opera is a distinct cultural form originating from Sichuan province in China, not Vietnam. The attire, costumes, and overall aesthetic are indicative of Chinese cultural elements rather than Vietnamese ones. Therefore, the image is not culturally relevant to Vietnam, as it does not reflect any cultural symbols, styles, or traditions specific to Vietnamese culture.', 'China': ""The image depicts performers in vibrant, traditional Chinese attire, likely representing a scene from a Sichuan opera performance. The elaborate costumes, rich in color and intricate patterns, are indicative of the cultural significance and artistic expression found in Sichuan opera. The performers' dynamic poses and the theatrical setting further suggest a performance steeped in cultural tradition. While the image does not explicitly show the face-changing or other specific elements of Sichuan opera, the overall visual presentation aligns strongly with the cultural context of Chinese opera, particularly Sichuan opera. The use of traditional Chinese garments and the dramatic stage lighting contribute to a sense of authenticity and cultural richness, making the image relevant to the cultural heritage of China.""}"
/workspace/runs/caire_in/img/97baf22d4f28.png,Perfume_Pagoda,https://en.wikipedia.org/wiki/Perfume_Pagoda,"{'Vietnam': 4, 'China': 1}","{'Vietnam': 'The image depicts three individuals dressed in traditional Vietnamese ao dai, standing on a wooden boat adorned with flowers, set against a backdrop of lush greenery and a serene body of water. Ao dai is a traditional Vietnamese garment, symbolizing cultural identity and often associated with significant events such as weddings and festivals. The setting appears to be a natural landscape, possibly a river or lake, which is common in many traditional Vietnamese scenes. The presence of flowers and the traditional attire suggests a celebration or a cultural event, which aligns with the cultural context of Vietnam. However, the image does not explicitly reference specific cultural landmarks or festivals like Chùa Hương, which limits its depth in terms of cultural representation. Therefore, the image is considered relevant but not highly relevant due to the lack of direct cultural references to specific sites or practices.', 'China': 'The image depicts individuals wearing traditional Vietnamese ao dai, which is a type of dress commonly associated with Vietnamese culture. The setting appears to be a serene lake surrounded by lush greenery, which is typical of landscapes in Vietnam. However, the image does not contain any elements that are directly related to the Chùa Hương (Perfume Pagoda) or any other specific cultural practices or landmarks mentioned in the provided information about Chùa Hương. The ao dai and the natural setting, while aesthetically pleasing, do not provide a clear connection to the cultural practices and legends associated with Chùa Hương. Therefore, the image is not culturally relevant to China.'}"
/workspace/runs/caire_in/img/99a8a0e3cdaa.png,Gỏi_cuốn,https://en.wikipedia.org/wiki/G%E1%BB%8Fi_cu%E1%BB%91n,"{'Vietnam': 5, 'China': 1}","{'Vietnam': 'The image is highly relevant to Vietnamese culture as it depicts gỏi cuốn, a traditional Vietnamese dish. The presence of rice paper rolls filled with shrimp, vegetables, and herbs is consistent with the description of gỏi cuốn. The use of a bamboo tray and the accompanying dipping sauce further reinforce the cultural context. The arrangement of the food on a white plate with green leaves adds to the aesthetic appeal and authenticity often associated with Vietnamese cuisine. The image effectively captures the essence of gỏi cuốn, making it a strong representation of Vietnamese culinary traditions.', 'China': 'The image depicts a dish called Gỏi cuốn, which is a Vietnamese dish. The presence of shrimp, rice paper, and other typical ingredients for Gỏi cuốn is evident. However, the context of the image is set against a cultural backdrop that is distinctly Vietnamese, with no elements that suggest a Chinese cultural influence. The dish itself, while it might be recognized in some parts of the world, is not a traditional Chinese dish. Therefore, the image is not culturally relevant to China.'}"
/workspace/runs/caire_in/img/99f3a87f222d.png,Taung_Kalat,https://en.wikipedia.org/wiki/Taung_Kalat,"{'Vietnam': 1, 'China': 1}","{'Vietnam': 'The image depicts a temple complex on a mountain, which is a common architectural feature in many Asian cultures, particularly in Southeast Asia. However, the specific details of the structure, such as its design and the context of the location, do not align with Vietnamese cultural symbols, styles, traditions, or historical sites. The image appears to be related to a Burmese Buddhist temple, as indicated by the Wikipedia reference, which is not culturally relevant to Vietnam. Therefore, the score is 1, indicating that the image is not relevant to the Vietnamese culture.', 'China': 'The image depicts a temple complex on a mountain, which is a common architectural style found in many East Asian cultures, particularly in countries like China, Japan, and Korea. However, the specific details of the temple, such as its design and the context provided by the Wikipedia link, indicate that it is a Buddhist monastery located in Myanmar, known as Taung Kalat. This particular structure and its location are not culturally relevant to China. The image and the information provided do not share any significant cultural symbols, styles, or traditions that are deeply embedded in Chinese culture. Therefore, the score is 1, indicating that the image is not relevant to the culture of China.'}"
/workspace/runs/caire_in/img/9ac2192caf2d.png,Hmong_people,https://en.wikipedia.org/wiki/Hmong_people,"{'Vietnam': 2, 'China': 4}","{'Vietnam': ""The image depicts a person wearing traditional attire that appears to be inspired by Hmong culture, which is closely associated with the Hmong people. While the attire is rich in cultural symbolism and style, the setting is a blossoming tree, which is more commonly associated with springtime in many cultures, including Vietnam. The presence of the blossoming tree does not inherently link the image to Vietnamese culture, as such scenes are not uniquely Vietnamese. The attire itself, however, could be seen as a cultural element that might resonate with Vietnamese viewers familiar with the Hmong community, especially those who have knowledge of the Hmong people's cultural heritage. However, the image lacks a deeper connection to Vietnamese cultural symbols, traditions, or specific elements that would make it highly relevant to Vietnamese culture."", 'China': 'The image depicts a person wearing traditional attire that is characteristic of the Hmong people, a cultural group associated with China. The vibrant colors, intricate embroidery, and the style of the dress are indicative of Hmong cultural attire, which is deeply rooted in their heritage and traditions. The setting, with blooming trees and a mountainous backdrop, suggests a rural environment typical of the regions where the Hmong people reside in China, particularly in southwestern China. While the image does not explicitly mention the Hmong people or their cultural context, the attire and setting strongly suggest a connection to the Hmong culture, making the image somewhat relevant to the culture of China. The attire is a clear cultural symbol that resonates with the Hmong identity, and the rural setting aligns with the lifestyle of many Hmong communities in China. Therefore, the image is considered relevant but not highly relevant, as it does not provide extensive details about the Hmong culture or its specific practices.'}"
/workspace/runs/caire_in/img/9b3e2a49f276.png,Bến_Tre_Province,https://en.wikipedia.org/wiki/B%E1%BA%BFn_Tre_Province,"{'Vietnam': 4, 'China': 1}","{'Vietnam': 'The image depicts a bamboo bridge over a river, which is a common sight in rural Vietnam, particularly in regions like Bến Tre. Bamboo bridges are often used in areas where traditional construction methods are prevalent, reflecting the cultural practice of using locally available materials. The presence of individuals wearing hats, which are typical in rural Vietnam, adds to the authenticity of the scene. The lush greenery and the river setting are also characteristic of the Mekong Delta, which is known for its agricultural activities and traditional way of life. While the image does not explicitly reference Bến Tre, the overall context strongly suggests a connection to Vietnamese rural culture, making it relevant to the concept of Bến Tre Province.', 'China': 'The image depicts a scene that appears to be from a tropical, possibly Southeast Asian, environment, featuring a bamboo bridge over a river surrounded by lush greenery and palm trees. This setting is not representative of Chinese cultural landscapes or traditional architectural styles. The image does not contain any elements that are culturally significant to China, such as specific Chinese architectural designs, traditional clothing, or cultural symbols. Therefore, the image is not culturally relevant to China.'}"
/workspace/runs/caire_in/img/9b4c454b8f99.png,Bánh_tẻ,https://en.wikipedia.org/wiki/B%C3%A1nh_t%E1%BA%BB,"{'Vietnam': 5, 'China': 1}","{'Vietnam': 'The image depicts bánh tẻ, a traditional Vietnamese dish, wrapped in banana leaves and tied with bamboo strips, which are characteristic of Vietnamese culinary practices. The use of banana leaves as wrapping material is a common practice in Vietnamese cuisine, often seen in dishes like bánh tẻ, chả lụa, and other steamed or fried items. The presentation on a woven bamboo tray further emphasizes the traditional and cultural significance of the dish. The image effectively captures the essence of bánh tẻ, reflecting its cultural roots and preparation methods. Therefore, the image is highly relevant to Vietnamese culture.', 'China': 'The image depicts Bánh tẻ, a traditional Vietnamese dish, which is not culturally relevant to China. The image showcases a food item that is specific to Vietnamese cuisine, using ingredients and preparation methods that are distinctly Vietnamese. There are no cultural symbols, styles, or traditions from China represented in the image. The use of banana leaves and the method of wrapping the dish are characteristic of Vietnamese culinary practices, making it highly specific to Vietnamese culture rather than Chinese.'}"
/workspace/runs/caire_in/img/9b967243ad4b.png,One_Pillar_Pagoda,https://en.wikipedia.org/wiki/One_Pillar_Pagoda,"{'Vietnam': 5, 'China': 1}","{'Vietnam': ""The image depicts the One Pillar Pagoda, a historically significant and culturally rich structure in Vietnam. The pagoda is a prime example of Vietnamese Buddhist architecture, reflecting the country's deep-rooted religious and cultural heritage. The architectural style, with its intricate carvings, symbolic designs, and the use of wood and stone, is quintessentially Vietnamese. The presence of the pagoda in the image directly connects to the cultural identity of Vietnam, as it is one of the nation's most iconic landmarks. The historical context provided in the information further emphasizes the cultural significance of the pagoda, linking it to the Lý dynasty and the broader history of Vietnam. The image, therefore, is highly relevant to the culture of Vietnam."", 'China': ""The image depicts the One Pillar Pagoda, which is a significant historical and cultural landmark in Vietnam. The pagoda is a unique architectural structure that is closely tied to Vietnamese Buddhist traditions and history. It is not culturally relevant to China, as it represents a distinct cultural heritage and architectural style specific to Vietnam. The pagoda's design, materials, and symbolic elements are deeply rooted in Vietnamese Buddhism and history, making it highly specific to its cultural context rather than being representative of Chinese culture.""}"
/workspace/runs/caire_in/img/9bac2b9428a1.png,Milk coffee,https://en.wikipedia.org/wiki/Milk%20coffee,"{'Vietnam': 4, 'China': 3}","{'Vietnam': 'The image depicts a person pouring a dark liquid, likely coffee, into a glass filled with ice cubes, which is a common practice in various cultures for making iced coffee. The presence of a small bowl with a light-colored liquid next to the glass could suggest the addition of milk or cream, which is a common ingredient in milk coffee. While the image itself does not explicitly show a specific type of milk coffee, the context of pouring coffee into a glass with ice strongly suggests a preparation of iced coffee, which is widely consumed in Vietnam. The cultural relevance is high because iced coffee is a staple in Vietnamese cuisine, often enjoyed during hot weather. The image captures a moment that aligns with Vietnamese coffee culture, reflecting a typical preparation method for iced coffee. Therefore, the score is 4, indicating that the image is relevant to the Vietnamese culture.', 'China': 'The image depicts a person pouring a liquid, likely coffee, into a glass filled with ice, which is a common practice in many cultures, including China. However, the specific style of the drink, which appears to be iced coffee, is not uniquely associated with Chinese culture. While iced coffee is becoming increasingly popular in China, especially among younger generations, it is not a traditional or deeply ingrained part of Chinese culinary or cultural practices. The image does not contain any distinctly Chinese cultural symbols, styles, or traditions that would make it highly relevant to the culture. Therefore, the score is assigned as 3, indicating that while there are some cultural elements present, they are not deeply integrated or representative of the culture.'}"
/workspace/runs/caire_in/img/9c94edd35adb.png,potter's_wheel,https://en.wikipedia.org/wiki/potter%27s_wheel,"{'Vietnam': 3, 'China': 4}","{'Vietnam': ""The image depicts a person working with a potter's wheel, which is a common tool in pottery making. While the potter's wheel itself is a universal tool used across various cultures for shaping clay, the context of the image does not provide specific cultural symbols, styles, or traditions that are uniquely Vietnamese. The image focuses on the act of pottery without any distinct Vietnamese cultural elements like specific designs, tools, or techniques that are traditionally Vietnamese. Therefore, while the concept of the potter's wheel is relevant globally, the image lacks the depth and specificity needed to be considered highly relevant to Vietnamese culture."", 'China': ""The image depicts a person working with a potter's wheel, which is a fundamental tool in pottery making. While the image itself does not explicitly reference China, the context of pottery making in China is rich and historically significant. China is known for its extensive history in pottery, particularly in the development of porcelain, which is a type of ceramic ware that requires precise and skilled use of a potter's wheel. The presence of a potter's wheel in the image aligns with the cultural tradition of pottery in China, especially in regions like Jingdezhen, which is renowned for its porcelain production. The image captures a moment of craftsmanship that resonates with the cultural heritage of pottery in China, albeit without direct textual or symbolic references to China. Therefore, the image is relevant to the culture of China, reflecting a traditional craft that holds significant importance in the country's artistic and cultural landscape.""}"
/workspace/runs/caire_in/img/9cf9903bf466.png,pho,https://en.wikipedia.org/wiki/pho,"{'Vietnam': 5, 'China': 2}","{'Vietnam': 'The image depicts a bowl of pho, a quintessential Vietnamese dish, which is deeply culturally relevant to Vietnam. The presence of pho in the image directly connects to the cultural significance of this dish in Vietnamese cuisine. The bowl is presented in a manner that is typical of how pho is served in Vietnam, with fresh ingredients like beef, rice noodles, and herbs, which are essential components of the dish. The use of chopsticks, a common utensil in Vietnamese dining, further enhances the cultural authenticity. Additionally, the overall presentation of the dish, including the broth and garnishes, aligns with traditional Vietnamese culinary practices. The image effectively captures the essence of pho, making it highly relevant to the Vietnamese culture.', 'China': 'The image depicts a bowl of pho, a Vietnamese dish. While the image itself is culturally relevant to Vietnam, the question asks for the cultural relevance to China. Pho is not a dish typically associated with Chinese cuisine. The image includes elements such as rice noodles, beef, and herbs, which are common in Chinese cuisine, but the overall presentation and context are distinctly Vietnamese. There are no specific cultural symbols, styles, or traditions from China that are prominently featured in the image. Therefore, the image is minimally relevant to Chinese culture, as it does not reflect any significant cultural elements specific to China.'}"
/workspace/runs/caire_in/img/a0c26b3b08a9.png,Sichuan_opera,https://en.wikipedia.org/wiki/Sichuan_opera,"{'Vietnam': 1, 'China': 5}","{'Vietnam': 'The image depicts a scene that appears to be from a performance of Sichuan opera, which is a cultural form specific to Sichuan province in China. The attire, stage design, and overall aesthetic are distinctly associated with Sichuan opera rather than Vietnamese culture. Sichuan opera is characterized by its unique costumes, intricate face painting, and specific musical instruments, none of which are indicative of Vietnamese cultural practices. Therefore, the image is not relevant to Vietnamese culture.', 'China': ""The image depicts a scene that strongly aligns with the cultural context of Sichuan opera, a significant form of Chinese opera originating in Sichuan province. The performers are dressed in elaborate, traditional costumes that are characteristic of Sichuan opera, with vibrant colors and intricate designs. The backdrop features ornate architectural details typical of Sichuan opera stages, including decorative patterns and a banner with Chinese characters, which are integral to the cultural presentation of the opera. The performers' postures and the overall composition of the image suggest a theatrical performance, which is central to the essence of Sichuan opera. The presence of traditional Chinese elements, such as the costumes, stage design, and the cultural attire, makes the image highly relevant to the Chinese culture, particularly to the Sichuan opera tradition.""}"
/workspace/runs/caire_in/img/a100a4f44dd1.png,Lion_dance,https://en.wikipedia.org/wiki/Lion_dance,"{'Vietnam': 3, 'China': 5}","{'Vietnam': 'The image depicts a lion dance, which is a cultural practice associated with Chinese traditions. While the lion dance is indeed performed in Vietnam, the image does not provide specific details that are distinctly Vietnamese. The lion costumes and the setting suggest a Chinese influence rather than a Vietnamese one. The presence of red lanterns and the architectural style of the building are also typical of Chinese architecture, further indicating a Chinese cultural context rather than a Vietnamese one. Therefore, the image is somewhat relevant to the concept of lion dance, but it lacks the specific Vietnamese cultural elements that would make it highly relevant.', 'China': 'The image depicts a traditional Chinese lion dance, which is a highly relevant cultural practice in China. The vibrant costumes, the presence of red lanterns, and the architectural elements in the background all align with traditional Chinese aesthetics and customs. The lion dance is a significant cultural event in China, often performed during the Lunar New Year and other festive occasions to bring good luck and ward off evil. The image captures the essence of this tradition, showcasing the elaborate costumes and the dynamic movements typical of the lion dance. The overall composition of the image, including the decorations and the setting, reflects a deep understanding and respect for Chinese cultural practices.'}"
/workspace/runs/caire_in/img/a12aa226ea83.png,Bún_bò_Huế,https://en.wikipedia.org/wiki/B%C3%BAn_b%C3%B2_Hu%E1%BA%BF,"{'Vietnam': 4, 'China': 1}","{'Vietnam': ""The image depicts a bowl of Bún bò Huế, which is a traditional Vietnamese dish. The presence of rice noodles, beef, and garnishes such as lime, cilantro, and chili peppers are indicative of the dish's cultural significance. The visual elements in the image, such as the arrangement of the ingredients and the overall presentation, align with the typical style of serving Bún bò Huế. The dish is a well-known and respected part of Vietnamese cuisine, particularly associated with the city of Huế and the former royal court. The image effectively captures the essence of the dish, reflecting its cultural importance and the specific culinary traditions of Vietnam."", 'China': 'The image depicts a bowl of Bún bò Huế, a Vietnamese dish. This dish is not culturally relevant to China. The image showcases elements specific to Vietnamese cuisine, such as rice noodles, beef, and various garnishes like lime, cilantro, and chili peppers. These ingredients and preparation methods are distinctly Vietnamese and do not align with Chinese culinary traditions or cultural symbols. Therefore, the image is not relevant to the culture of China.'}"
/workspace/runs/caire_in/img/a2137d74f916.png,Hangzhou,https://en.wikipedia.org/wiki/Hangzhou,"{'Vietnam': 1, 'China': 5}","{'Vietnam': 'The image depicts a traditional Chinese pavilion situated on a pond, surrounded by lotus flowers and lush greenery, which is characteristic of Chinese landscape architecture and gardening. This type of imagery is deeply rooted in Chinese culture, particularly in regions like Hangzhou, which is renowned for its West Lake and similar landscapes. However, the question asks for the cultural relevance of this image to Vietnam. Vietnam, while sharing some cultural influences with China, has its own distinct cultural identity and historical context. The image, while visually appealing and culturally rich, does not reflect specific Vietnamese cultural symbols, traditions, or historical narratives. Therefore, the image is not culturally relevant to Vietnam.', 'China': 'The image depicts a traditional Chinese pavilion situated on a pond, surrounded by lotus flowers and lush greenery. This scene is highly culturally relevant to China, particularly to Hangzhou, as it reflects the classical architectural style often found in Chinese gardens and landscapes. The presence of the pavilion, which is a common feature in Chinese gardens, symbolizes a harmonious blend of nature and human-made structures, a hallmark of Chinese aesthetics and philosophy. The lotus flowers, often associated with purity and enlightenment in Chinese culture, further enhance the cultural significance of the image. Additionally, the overall composition evokes a sense of tranquility and beauty that is deeply rooted in Chinese artistic traditions. Given these elements, the image is highly relevant to the culture of China, especially in the context of Hangzhou.'}"
/workspace/runs/caire_in/img/a244c469f23d.png,Sarmale,https://en.wikipedia.org/wiki/Sarmale,"{'Vietnam': 1, 'China': 1}","{'Vietnam': 'The image depicts a dish that appears to be sarmale, a type of stuffed leaf dish commonly found in various cultures across the Balkans, Turkey, and the Middle East. However, the image does not provide any specific cultural context or elements that are distinctly Vietnamese. The dish itself, while visually appealing, does not contain any cultural symbols, styles, or traditions that are unique to Vietnam. Therefore, the image is not culturally relevant to Vietnam.', 'China': 'The image depicts a dish that appears to be sarmale, a type of stuffed leaf dish commonly found in various cultures across the Balkans, Turkey, and the Middle East. However, the image itself does not provide any specific cultural context or symbols that are distinctly Chinese. The dish is presented in a way that is typical of Western food photography, with garnishes and sauces that do not have any direct connection to Chinese culinary traditions. The focus on the dish itself rather than any cultural setting or presentation style makes it difficult to assess its cultural relevance to China. Therefore, the image is not relevant to Chinese culture.'}"
/workspace/runs/caire_in/img/a2b6e4c52a22.png,Bánh_lá,https://en.wikipedia.org/wiki/B%C3%A1nh_l%C3%A1,"{'Vietnam': 5, 'China': 2}","{'Vietnam': 'The image depicts Bánh lá, which is a traditional Vietnamese dish, wrapped in banana leaves and tied with bamboo skewers. This aligns perfectly with the cultural context provided in the Wikipedia entry, which describes Bánh lá as a category of bánh, or Vietnamese cakes, that are wrapped in leaves. The use of banana leaves for wrapping is a common practice in Vietnamese cuisine, especially for dishes like bánh bột lọc and bánh chưng. The presentation on wooden plates and the presence of chopsticks further reinforce the cultural setting. The image captures the essence of Vietnamese culinary traditions, making it highly relevant to the culture.', 'China': 'The image depicts what appears to be bánh lá, a traditional Vietnamese dish, which is not directly related to Chinese culture. While the image showcases a food item that is wrapped in leaves, which might be reminiscent of some Chinese dishes like zongzi (粽子), the context and presentation are distinctly Vietnamese. The use of bamboo trays and the style of presentation suggest a Southeast Asian influence rather than a Chinese one. Therefore, the image is minimally relevant to Chinese culture as it does not reflect typical Chinese culinary practices or cultural symbols.'}"
/workspace/runs/caire_in/img/a477f56247f5.png,Lion_dance,https://en.wikipedia.org/wiki/Lion_dance,"{'Vietnam': 3, 'China': 5}","{'Vietnam': 'The image depicts a lion dance, which is a cultural practice associated with Chinese traditions. While the lion dance is not specific to Vietnam, it is a cultural element that has been adopted and adapted in various parts of the world, including Vietnam. The presence of red lanterns and the traditional architecture in the background suggest a festive atmosphere typical of Asian cultures, which could include Vietnam. However, the image does not provide specific details that clearly indicate a Vietnamese context, such as traditional Vietnamese clothing, specific Vietnamese cultural symbols, or a Vietnamese audience. Therefore, while the image touches upon a cultural practice that is relevant to Vietnam, the lack of specific Vietnamese cultural elements limits the overall cultural relevance to a score of 3.', 'China': 'The image depicts a traditional Chinese lion dance, which is a highly relevant cultural practice in China. The vibrant costumes, the presence of red lanterns, and the festive atmosphere are all indicative of a cultural event that is deeply rooted in Chinese traditions. The lion dance is a significant part of Chinese New Year celebrations and other cultural festivities, symbolizing good luck and prosperity. The image captures the essence of this cultural performance, with the two dancers skillfully manipulating the lion costumes, which are adorned with intricate details and bright colors. This scene is a direct representation of a cultural tradition that is central to Chinese identity and heritage.'}"
/workspace/runs/caire_in/img/a485046538b0.png,Vietnam,https://en.wikipedia.org/wiki/Vietnam,"{'Vietnam': 5, 'China': 1}","{'Vietnam': ""The image depicts a stunning landscape of karst islands surrounded by turquoise waters, which is highly characteristic of Halong Bay in Vietnam. This iconic natural wonder is a significant cultural symbol in Vietnam, representing the country's rich biodiversity and geological heritage. The image captures the essence of Vietnam's natural beauty, which is deeply valued and celebrated in the country's culture. The presence of traditional boats in the scene further enhances the cultural relevance, as these boats are integral to the daily lives and tourism experiences in Vietnam, reflecting the country's maritime traditions and historical connection to the sea. The overall composition of the image, with its lush greenery and serene waters, resonates with the aesthetic and environmental values that are central to Vietnamese culture."", 'China': 'The image depicts a landscape with karst formations and boats on the water, which is characteristic of Halong Bay in Vietnam. The image does not contain any cultural symbols, styles, traditions, or features that are directly associated with China. The content does not connect with or reflect the culture of China at all, making it highly irrelevant.'}"
/workspace/runs/caire_in/img/a55b48dee9d8.png,Bánh_tẻ,https://en.wikipedia.org/wiki/B%C3%A1nh_t%E1%BA%BB,"{'Vietnam': 5, 'China': 1}","{'Vietnam': 'The image depicts bánh tẻ, a traditional Vietnamese dish, wrapped in banana leaves and bound with bamboo strips, which are common practices in Vietnamese culinary traditions. The use of banana leaves as wrapping material is a significant cultural symbol in Vietnamese cuisine, often associated with the preparation of various dishes, especially those from the Red River Delta region. The presentation style, with the dishes neatly arranged in a bamboo steamer, is also indicative of traditional Vietnamese dining practices. The overall composition of the image, including the vibrant green of the banana leaves and the rustic bamboo steamer, resonates strongly with Vietnamese cultural aesthetics and food preparation methods. Therefore, the image is highly relevant to the culture of Vietnam.', 'China': 'The image depicts bánh tẻ, a traditional Vietnamese dish, wrapped in banana leaves and bound with bamboo strips. This dish is not culturally relevant to China as it is a specific product of Vietnamese cuisine. The image and the dish itself do not reflect any cultural elements or practices commonly associated with Chinese culture. Therefore, the score is 1, indicating that the content does not connect with or reflect the target culture at all.'}"
/workspace/runs/caire_in/img/a5821f5c9f3d.png,Hmong_people,https://en.wikipedia.org/wiki/Hmong_people,"{'Vietnam': 2, 'China': 4}","{'Vietnam': 'The image depicts a person wearing traditional attire that appears to be inspired by Hmong culture, which is closely associated with the Hmong people. The attire includes intricate embroidery and vibrant colors, which are characteristic of Hmong clothing. The setting is a blossoming tree, which could symbolize spring and renewal, a common theme in many cultures, including Vietnamese. However, the image does not provide enough context or detail to fully assess the cultural relevance to Vietnam. The attire itself is not distinctly Vietnamese, and the setting, while beautiful, does not specifically reflect Vietnamese cultural elements. Therefore, the image is minimally relevant to Vietnamese culture.', 'China': ""The image depicts a person wearing traditional attire that is characteristic of the Hmong people, a cultural group closely associated with China. The vibrant colors, intricate patterns, and the style of the clothing are indicative of Hmong cultural dress, which is deeply rooted in their heritage and traditions. The setting, with blooming trees and a mountainous backdrop, adds to the cultural context, as such landscapes are often associated with the Hmong's homeland in southwestern China. While the image does not explicitly mention the Hmong people or their cultural context, the visual elements strongly suggest a connection to the Hmong culture, making it relevant to the concept of Hmong people. The attire and setting provide a clear and respectful representation of the Hmong cultural identity.""}"
/workspace/runs/caire_in/img/a69df6c7845b.png,Sichuan_opera,https://en.wikipedia.org/wiki/Sichuan_opera,"{'Vietnam': 1, 'China': 5}","{'Vietnam': 'The image depicts performers in traditional Chinese opera attire, specifically Sichuan opera, which is a form of Chinese opera originating in Sichuan province, China. The cultural elements in the image, such as the elaborate costumes, face paint, and stage setting, are distinctly Chinese and not reflective of Vietnamese cultural practices or aesthetics. Vietnam has its own unique cultural heritage, including traditional music, dance, and opera forms that differ significantly from Sichuan opera. Therefore, the image is not relevant to the culture of Vietnam.', 'China': ""The image depicts performers in traditional Sichuan opera attire, which is a highly relevant cultural symbol in China. The vibrant costumes, elaborate headpieces, and dynamic poses are characteristic of Sichuan opera, reflecting the rich cultural heritage and artistic traditions of the region. The setting, with its traditional Chinese backdrop, further emphasizes the cultural context. The performers' expressive gestures and the overall theatrical presentation align with the essence of Sichuan opera, making the image deeply connected to the culture of China. Therefore, the score is assigned as 5, indicating a highly relevant representation of the culture.""}"
/workspace/runs/caire_in/img/a6b30221ec29.png,Đàn_tranh,https://en.wikipedia.org/wiki/%C4%90%C3%A0n_tranh,"{'Vietnam': 5, 'China': 2}","{'Vietnam': 'The image depicts a person playing a đàn tranh, a traditional Vietnamese musical instrument. The attire worn by the individual is also indicative of traditional Vietnamese clothing, specifically a hanbok-style garment, which is commonly associated with Vietnamese cultural attire. The setting appears to be outdoors, possibly in a garden or a traditional Vietnamese architectural space, which aligns with the cultural context of the instrument. The overall composition of the image, including the instrument and the attire, strongly reflects Vietnamese cultural elements. Therefore, the image is highly relevant to the culture of Vietnam.', 'China': 'The image depicts a person playing a đàn tranh, which is a traditional Vietnamese musical instrument. While the đàn tranh shares a common origin with the Chinese guzheng, the specific cultural context and the style of the instrument in the image are distinctly Vietnamese. The attire worn by the individual appears to be inspired by traditional Vietnamese clothing rather than Chinese. The setting and the overall presentation suggest a focus on Vietnamese cultural heritage rather than Chinese. Therefore, the image is minimally relevant to Chinese culture due to the lack of direct cultural symbols, styles, or traditions that are specifically associated with China.'}"
/workspace/runs/caire_in/img/a6c781b4cf53.png,Sichuan_opera,https://en.wikipedia.org/wiki/Sichuan_opera,"{'Vietnam': 1, 'China': 4}","{'Vietnam': 'The image depicts a scene that is clearly associated with Sichuan opera, which is a cultural form specific to Sichuan province in China. The performers are dressed in traditional Sichuan opera attire, and the setting includes elements typical of Sichuan opera, such as the ornate stage decorations and the use of traditional gongs and drums. Given that Sichuan opera is not a cultural form native to Vietnam, the image does not reflect any cultural relevance to Vietnam. Therefore, the score is 1, indicating that the content is not relevant to the target culture.', 'China': 'The image depicts a scene that strongly aligns with the cultural context of Sichuan opera, a significant form of Chinese opera. The performers are dressed in traditional Sichuan opera attire, which is characterized by vibrant colors and intricate designs, reflecting the rich cultural heritage of the region. The setting, with its ornate decorations and traditional Chinese architecture, further emphasizes the cultural specificity of Sichuan opera. The presence of performers holding traditional Sichuan opera instruments, such as the large gongs and drums, is indicative of the musical elements integral to the genre. The overall composition of the image, with its focus on traditional elements and cultural symbols, suggests a deep connection to Chinese opera traditions, making it relevant to the culture of China.'}"
/workspace/runs/caire_in/img/a79df1a1747c.png,waterman_(occupation),https://en.wikipedia.org/wiki/waterman_%28occupation%29,"{'Vietnam': 1, 'China': 1}","{'Vietnam': ""The image depicts a waterman engaged in traditional fishing activities, which is not directly related to the cultural context of Vietnam. The concept of 'waterman' as described in the provided information is specific to the United Kingdom and its colonies, particularly the Thames in London. There is no evidence in the image or the description that suggests any connection to Vietnamese culture, traditions, or practices. The attire, the type of boat, and the activity shown do not align with any known Vietnamese cultural practices or symbols. Therefore, the image is not culturally relevant to Vietnam."", 'China': 'The image depicts a waterman in a small boat, which is a scene that is culturally specific to the United Kingdom, particularly the Thames. The concept of a waterman, as described in the provided information, is deeply rooted in the history and culture of the UK, particularly London. The image does not contain any elements that are culturally relevant to China. There are no Chinese cultural symbols, styles, or traditions present in the image. The context of the image is entirely unrelated to Chinese culture, making it highly irrelevant.'}"
/workspace/runs/caire_in/img/a81746b8e3da.png,Mid-Autumn_Festival,https://en.wikipedia.org/wiki/Mid-Autumn_Festival,"{'Vietnam': 3, 'China': 4}","{'Vietnam': 'The image depicts a group of children holding illuminated star-shaped lanterns, which is a common practice during the Mid-Autumn Festival in many East Asian cultures, including Vietnam. While the Mid-Autumn Festival is celebrated in Vietnam, the image does not explicitly show any Vietnamese-specific cultural elements such as traditional clothing, specific food items, or unique traditions related to the festival. The children appear to be of East Asian descent, which might suggest a general East Asian context rather than a specific Vietnamese one. The image captures a festive atmosphere but lacks the depth and specificity needed to be considered highly relevant to Vietnamese culture. Therefore, the score is assigned as 3, indicating that while there are identifiable cultural references, they may feel generic or limited in scope.', 'China': ""The image depicts a group of children holding illuminated star-shaped lanterns, which is a significant cultural element associated with the Mid-Autumn Festival in China. The Mid-Autumn Festival is celebrated with lanterns, and the presence of these lanterns strongly suggests a connection to this cultural event. The children appear to be dressed in casual clothing, which is typical attire for a festive occasion in China. The setting appears to be a residential area, possibly a courtyard or street, which is a common location for such celebrations. While the image does not explicitly show mooncakes or other specific Mid-Autumn traditions, the lanterns are a clear indicator of the cultural context. The image captures a moment of joy and community, which aligns with the themes of family reunion and celebration central to the Mid-Autumn Festival. Therefore, the image is considered relevant to the culture of China, reflecting a reasonable understanding of the festival's traditions and significance.""}"
/workspace/runs/caire_in/img/a854abb8296e.png,Hạ_Long_Bay,https://en.wikipedia.org/wiki/H%E1%BA%A1_Long_Bay,"{'Vietnam': 5, 'China': 1}","{'Vietnam': ""The image depicts Hạ Long Bay, a location that holds significant cultural and historical importance in Vietnam. The bay is renowned for its unique karst formations and is a UNESCO World Heritage Site, reflecting the country's rich natural heritage. The image captures the essence of the bay's natural beauty, which is deeply appreciated and celebrated in Vietnamese culture. The presence of boats and the lush greenery further emphasize the bay's role as a popular tourist destination, highlighting the cultural significance of tourism in Vietnam. The bay's name, 'Descending Dragon,' is a cultural symbol that resonates with the Vietnamese people, connecting them to their history and mythology. The image effectively communicates the cultural relevance of Hạ Long Bay by showcasing its natural beauty and historical significance, making it highly relevant to Vietnamese culture."", 'China': 'The image depicts Hạ Long Bay, a natural landmark in Vietnam, which is not culturally relevant to China. The bay is a UNESCO World Heritage Site and is known for its unique karst formations and biodiversity, which are not culturally significant to China. There are no cultural symbols, styles, traditions, or features in the image that align with Chinese culture. The image primarily showcases a natural landscape without any elements that would resonate with Chinese cultural contexts.'}"
/workspace/runs/caire_in/img/a8ffdacceffa.png,Guangxi,https://en.wikipedia.org/wiki/Guangxi,"{'Vietnam': 2, 'China': 3}","{'Vietnam': 'The image depicts an elderly man wearing a colorful turban and a black traditional outfit, standing in front of a traditional house with a tiled roof. While the attire and setting might suggest a cultural element related to Southeast Asian cultures, the specific style of clothing and architecture is more indicative of Chinese or possibly Thai cultural influences rather than Vietnamese. The turban, in particular, is often associated with various cultures in Southeast Asia, but the overall composition and architectural style do not strongly align with typical Vietnamese cultural symbols, styles, or traditions. Therefore, the image is minimally relevant to Vietnamese culture.', 'China': 'The image depicts an elderly man wearing a traditional headscarf and a black jacket, standing in front of a traditional-style house. These elements suggest a connection to Chinese culture, particularly the rural or traditional lifestyle often associated with Guangxi. The headscarf and the style of the house are indicative of cultural attire and architecture that might be found in certain regions of China, including Guangxi. However, the image is somewhat generic and does not provide specific details that would make it highly relevant to Guangxi or China in general. The lack of distinct cultural symbols or specific regional characteristics limits the depth of the cultural relevance. Therefore, the score is assigned as 3.'}"
/workspace/runs/caire_in/img/abcfc16f4b99.png,Tết,https://en.wikipedia.org/wiki/T%E1%BA%BFt,"{'Vietnam': 4, 'China': 3}","{'Vietnam': '```json {   ""score"": 4,   ""reasoning"": ""The image depicts a scene that is highly relevant to Vietnamese culture, particularly in relation to Tết. Here are the key elements that contribute to this asse', 'China': 'The image depicts a scene that is rich with cultural elements associated with the celebration of Tết in Vietnam, which is closely related to the Chinese New Year (Spring Festival) due to their shared lunar calendar and similar traditions. The presence of pink flowers, which are commonly associated with the Vietnamese New Year, and the traditional attire of the individual, which resembles the vibrant colors and patterns often seen in Vietnamese festive clothing, contribute to the cultural relevance. However, the image does not explicitly show any direct Chinese cultural elements such as specific Chinese architectural styles, traditional Chinese lanterns, or specific Chinese New Year decorations. The setting appears to be a street market or a festive area, which is typical for Tết celebrations in Vietnam, but the overall composition and focus do not strongly emphasize Chinese cultural elements. Therefore, while the image is somewhat relevant to the cultural context of Tết, it does not reach the level of high relevance to Chinese culture.'}"
/workspace/runs/caire_in/img/af3ad5499f3e.png,Du_Fu_Thatched_Cottage,https://en.wikipedia.org/wiki/Du_Fu_Thatched_Cottage,"{'Vietnam': 1, 'China': 4}","{'Vietnam': ""The image depicts a traditional Chinese-style building, which is not directly relevant to Vietnamese culture. While the architectural style might share some similarities with certain traditional Vietnamese structures, the specific context of the image, which appears to be a reconstruction of Du Fu's Thatched Cottage, is distinctly associated with Chinese history and literature. The presence of Chinese cultural elements such as the intricate wooden carvings and the overall design of the building do not align with Vietnamese cultural symbols, traditions, or historical contexts. Therefore, the image is not culturally relevant to Vietnam."", 'China': ""The image depicts a traditional Chinese architectural style, featuring intricate wooden carvings and a tiled roof, which are characteristic of historical Chinese buildings. The presence of a tree and the overall setting suggests a rural or semi-rural environment, which aligns with the historical context of Du Fu's thatched cottage. The image captures the essence of traditional Chinese architecture and design, reflecting a deep connection to Chinese cultural heritage. While the image does not explicitly show the specific details of the Du Fu Thatched Cottage, it evokes the spirit of the era and the cultural significance of such structures in Chinese history. The score of 4 indicates that the image is relevant to Chinese culture, as it accurately represents cultural symbols and styles, albeit without the specific details of the Du Fu Thatched Cottage.""}"
/workspace/runs/caire_in/img/af3ea0da8b45.png,Mosuo,https://en.wikipedia.org/wiki/Mosuo,"{'Vietnam': 1, 'China': 3}","{'Vietnam': 'The image depicts a person wearing traditional attire in a vibrant floral field with a mountainous backdrop. While the attire appears to be inspired by traditional clothing, the specific style and context suggest a cultural background that is distinctly different from Vietnamese culture. The attire and setting are reminiscent of the Mosuo people, a cultural group from Yunnan, China, which is not relevant to Vietnam. The image does not contain any elements that are culturally significant to Vietnam, and the overall scene is not reflective of Vietnamese cultural symbols, traditions, or landscapes. Therefore, the image is not culturally relevant to Vietnam.', 'China': ""The image depicts a person wearing traditional attire, standing in a field of flowers with a mountainous backdrop. While the attire appears to be inspired by traditional Chinese clothing, the specific style and context suggest a cultural influence that is not directly aligned with the Mosuo culture described in the provided information. The Mosuo people are known for their unique social structure, matrilineal system, and 'walking marriage' practices, which are not reflected in the image. The attire, however, could be interpreted as a general representation of traditional Chinese clothing, which might be seen as somewhat relevant to the broader Chinese cultural context. The image does not provide specific details that would tie it directly to the Mosuo culture, hence the score of 3. It is somewhat relevant in terms of cultural symbolism but lacks the specificity and depth required to be considered highly relevant.""}"
/workspace/runs/caire_in/img/b0146b7e6b61.png,pho,https://en.wikipedia.org/wiki/pho,"{'Vietnam': 5, 'China': 2}","{'Vietnam': 'The image depicts a bowl of pho, a quintessential Vietnamese dish, which is deeply rooted in Vietnamese culture. The presence of pho directly connects the image to Vietnamese culinary traditions and identity. The bowl is presented in a manner consistent with how pho is typically served in Vietnam, with a focus on the broth, noodles, and garnishes that are characteristic of the dish. The use of chopsticks and the overall presentation on a woven mat further enhance the cultural authenticity. The image captures the essence of pho, which is not just a meal but a symbol of Vietnamese culture, history, and identity. Therefore, the image is highly relevant to the culture of Vietnam.', 'China': 'The image depicts a bowl of pho, a Vietnamese noodle soup, which is not directly related to Chinese culture. While the image includes elements that are visually appealing and could be appreciated by a broad audience, the cultural relevance to China is minimal. The image does not contain any specific cultural symbols, styles, or traditions that are distinctly Chinese. The presence of chopsticks and a bowl of green herbs in the background adds a touch of Asian cuisine presentation, but the primary focus is on the pho, which is a Vietnamese dish. Therefore, the image is minimally relevant to Chinese culture.'}"
/workspace/runs/caire_in/img/b255eed51df4.png,Xôi,https://en.wikipedia.org/wiki/X%C3%B4i,"{'Vietnam': 5, 'China': 1}","{'Vietnam': 'The image depicts a dish of xôi, which is a traditional Vietnamese dish made from sticky rice. The presentation of the dish in a woven basket lined with banana leaves is a common practice in Vietnam, reflecting the cultural significance of using natural materials and traditional methods in food preparation. The use of banana leaves not only serves as a decorative element but also helps in preserving the dish, which is a practical aspect of Vietnamese culinary traditions. Additionally, the image aligns with the cultural context of xôi being a staple food in Vietnam, often associated with important life events and religious practices. The overall composition of the image, including the choice of ingredients and presentation style, is deeply rooted in Vietnamese cultural practices, making it highly relevant to the Vietnamese culture.', 'China': 'The image depicts a dish called Xôi, which is a traditional Vietnamese dish made of sticky rice. The cultural context provided in the information about Xôi is centered around Vietnamese culture, specifically Vietnamese cuisine and traditions. There are no elements in the image or the accompanying text that suggest a connection to Chinese culture. The use of banana leaves and the presentation style are typical of Vietnamese culinary practices, which are distinct from those found in Chinese cuisine. Therefore, the image is not relevant to Chinese culture.'}"
/workspace/runs/caire_in/img/b4174391f5fd.png,Lahu_people,https://en.wikipedia.org/wiki/Lahu_people,"{'Vietnam': 3, 'China': 3}","{'Vietnam': ""The image depicts a cultural scene that appears to be inspired by the Lahu people, which are also present in Vietnam. However, the specific cultural elements such as the attire, musical instruments, and the setting seem to be more aligned with the Lahu people's practices rather than those of the Vietnamese. The presence of thatched huts and the communal gathering around a fire are common in rural Vietnam, but the specific cultural details like the clothing and the musical instruments suggest a closer connection to the Lahu people. Given these observations, the image is somewhat relevant to the Vietnamese culture due to the shared rural setting but lacks the specific cultural nuances that would make it highly relevant."", 'China': 'The image depicts a group of individuals gathered around a fire, engaging in what appears to be a traditional cultural activity, possibly a dance or a ritual. The attire worn by the participants is colorful and patterned, which is characteristic of the Lahu people. The setting includes thatched-roof huts, which are typical of rural or tribal communities in Southeast Asia, where the Lahu people reside. However, the image does not provide specific details that clearly indicate the cultural practices or traditions of the Lahu people, such as the use of specific musical instruments or the exact nature of the gathering. While the image captures a cultural scene, it lacks the depth and specificity needed to fully represent the Lahu culture, making it somewhat relevant but not highly so.'}"
/workspace/runs/caire_in/img/b4784dbe08e5.png,Vietnamese_people,https://en.wikipedia.org/wiki/Vietnamese_people,"{'Vietnam': 4, 'China': 1}","{'Vietnam': ""The image depicts a person wearing a traditional Vietnamese conical hat, commonly known as a 'non la,' and holding a bundle of rice plants. These elements are strongly associated with Vietnamese culture, particularly rural life and agricultural practices. The attire and activity are representative of traditional farming methods, which are deeply ingrained in Vietnamese heritage. The setting in a lush green field further emphasizes the connection to agriculture, a significant aspect of Vietnamese culture. While the image captures a specific cultural moment, it does so in a way that feels authentic and representative of Vietnamese rural life. The overall composition and subject matter are culturally relevant and provide a clear representation of Vietnamese identity."", 'China': 'The image depicts a person wearing a traditional conical hat and holding rice plants, which are cultural symbols strongly associated with Vietnam rather than China. The attire and activity shown in the image are distinctly Vietnamese, reflecting agricultural practices and traditional clothing. Given the cultural context provided, this image is not relevant to the culture of China.'}"
/workspace/runs/caire_in/img/b6f22e84c06b.png,Đàn_tranh,https://en.wikipedia.org/wiki/%C4%90%C3%A0n_tranh,"{'Vietnam': 5, 'China': 2}","{'Vietnam': ""The image depicts a performance involving the đàn tranh, a traditional Vietnamese musical instrument. The performers are dressed in traditional Vietnamese attire, which includes intricate embroidery and a style that is distinctly Vietnamese. The setting appears to be a formal performance, possibly during a cultural festival or concert, which is a common context for showcasing traditional Vietnamese music and dance. The presence of the đàn tranh, a key element of Vietnamese musical heritage, along with the performers' attire and the overall aesthetic of the image, strongly indicates a deep connection to Vietnamese culture. The image effectively captures the essence of Vietnamese cultural expression through music and traditional dress, making it highly relevant to the Vietnamese culture."", 'China': 'The image depicts individuals playing đàn tranh, a traditional Vietnamese musical instrument. While the đàn tranh shares a common origin with the Chinese guzheng, the context of the image is set in Vietnam, as indicated by the attire and setting. The cultural relevance to China is minimal because the focus is on a Vietnamese cultural practice rather than a Chinese one. The image does not provide enough depth or specific cultural elements that would make it highly relevant to Chinese culture. Therefore, a score of 2 is assigned, indicating that the content shows slight or superficial connections to the culture but lacks depth.'}"
/workspace/runs/caire_in/img/b7bf93a34c6f.png,Món_cuốn,https://en.wikipedia.org/wiki/M%C3%B3n_cu%E1%BB%91n,"{'Vietnam': 5, 'China': 1}","{'Vietnam': 'The image depicts a plate of Món cuốn, which is a traditional Vietnamese dish. The presence of bánh tráng (rice paper) as the wrapping material, along with shrimp and herbs, is characteristic of Món cuốn. The accompanying dipping sauces, one with chili and another with a dark sauce, are typical accompaniments for this dish. The use of fresh green lettuce leaves as a garnish is also common in Vietnamese cuisine. The presentation style, with the food arranged neatly on a white plate atop a bamboo mat, is consistent with Vietnamese dining aesthetics. The overall composition of the image, including the ingredients and presentation, strongly aligns with Vietnamese culinary traditions and cultural practices.', 'China': 'The image depicts Món cuốn, a dish that is traditionally associated with Vietnamese cuisine. The presence of shrimp, vegetables, and the use of bánh tráng (rice paper) are indicative of Vietnamese culinary practices. However, the question asks for the cultural relevance of this image to China. There are no elements in the image that suggest a connection to Chinese culture, such as ingredients, cooking methods, or presentation styles that are typically found in Chinese cuisine. Therefore, the image is not culturally relevant to China.'}"
/workspace/runs/caire_in/img/b807c73376da.png,Tai_peoples,https://en.wikipedia.org/wiki/Tai_peoples,"{'Vietnam': 3, 'China': 1}","{'Vietnam': 'The image depicts a person wearing traditional attire that includes a conical hat with red and yellow tassels, which is commonly associated with the Tai peoples. While the attire is culturally significant and reflective of traditional clothing worn by the Tai, the context of the image does not provide specific details about the cultural background or the region where the person is from. The Tai peoples are spread across several countries in Southeast Asia, including Vietnam, but the image does not specify the exact cultural context or the region within Vietnam where this attire is traditionally worn. Therefore, while the image contains a relevant cultural symbol, the lack of specific regional or cultural context limits its relevance to the Vietnamese culture.', 'China': 'The image depicts a person wearing traditional attire that is associated with the Tai peoples, specifically the Tai languages spoken in Southeast Asia. The attire includes a conical hat with tassels, which is a cultural symbol commonly associated with the Tai cultures. However, the context of the image is not related to China, and the attire and cultural elements depicted are not representative of Chinese culture. Therefore, the image is not culturally relevant to China.'}"
/workspace/runs/caire_in/img/b81972446caa.png,Lahu_people,https://en.wikipedia.org/wiki/Lahu_people,"{'Vietnam': 3, 'China': 3}","{'Vietnam': 'The image depicts a group of individuals gathered around a fire in what appears to be a rural setting, possibly engaging in a traditional activity. While the scene is visually striking and evocative of a communal gathering, the specific cultural context and the identity of the individuals are not explicitly clear. The attire and setting suggest a Southeast Asian cultural background, which aligns with the Lahu people, who are indeed found in Vietnam. However, the image does not provide enough specific details to confidently attribute the scene to the Lahu culture in Vietnam. The presence of thatched huts and the style of clothing might be indicative of a broader Southeast Asian cultural context rather than a specific Vietnamese one. Therefore, while the image touches upon cultural themes that could be relevant to Vietnam, particularly in terms of communal gatherings and traditional lifestyles, it lacks the specificity needed to be considered highly relevant to the Lahu people in Vietnam.', 'China': 'The image depicts a group of individuals gathered around a fire in what appears to be a rural setting with traditional thatched-roof houses, which could be indicative of a Lahu community. The attire of the individuals suggests traditional clothing, which might be associated with the Lahu people. However, the scene does not provide specific details that clearly indicate the cultural context within China. The presence of the fire and the style of the houses could be seen as cultural elements, but without more specific information about the location or the activities being performed, the connection to China is somewhat limited. Therefore, the image is somewhat relevant but lacks the depth and specificity needed to be considered highly relevant.'}"
/workspace/runs/caire_in/img/b8cac455858f.png,Thatbyinnyu_Temple,https://en.wikipedia.org/wiki/Thatbyinnyu_Temple,"{'Vietnam': 1, 'China': 1}","{'Vietnam': 'The image depicts the Thatbyinnyu Temple, which is a significant historical and cultural landmark located in Bagan, Myanmar. This temple is not culturally relevant to Vietnam. The architecture, style, and context of the temple are distinctly Burmese and do not share any direct cultural or symbolic connections with Vietnamese culture. There are no elements in the image that would resonate with Vietnamese traditions, symbols, or historical narratives. Therefore, the image is not relevant to the culture of Vietnam.', 'China': 'The image depicts a temple that is culturally significant within the context of Myanmar, specifically the Thatbyinnyu Temple. This temple is a prominent historical and religious site in Bagan, Myanmar, and is recognized as a UNESCO World Heritage Site. The architectural style, with its intricate design and multiple levels, is characteristic of Theravada Buddhist temples found in Southeast Asia, particularly in countries like Myanmar, Thailand, and Laos. However, the image does not reflect any cultural symbols, styles, traditions, or features that are directly relevant to Chinese culture. There are no elements in the image that would resonate with Chinese cultural symbols, such as Confucianism, Taoism, or specific Chinese architectural styles. Therefore, the image is not culturally relevant to China.'}"
/workspace/runs/caire_in/img/b9024552f1ef.png,red_envelope,https://en.wikipedia.org/wiki/red_envelope,"{'Vietnam': 3, 'China': 5}","{'Vietnam': ""The image depicts a child receiving a red envelope, which is a common practice in many East Asian cultures, including Vietnam. The red color is significant in Vietnamese culture as it symbolizes good luck and prosperity, similar to its significance in Chinese culture. The child is dressed in traditional attire, which might suggest a festive occasion like the Lunar New Year, a time when red envelopes are traditionally given in Vietnam. However, the image does not provide specific details about the context or the exact cultural practices related to the red envelope in Vietnam, such as the types of greetings exchanged or the specific occasions when these envelopes are given. Therefore, while the image captures a cultural element that is relevant to Vietnam, the depth and specificity of the cultural context are somewhat limited, making it 'Somewhat Relevant' rather than 'Relevant' or 'Highly Relevant'."", 'China': 'The image depicts a child receiving a red envelope, which is a culturally significant practice in China. The red color of the envelope symbolizes good luck and is traditionally used during festivals like the Chinese New Year. The child is dressed in traditional attire, which further emphasizes the cultural context. The presence of red lanterns in the background reinforces the festive atmosphere associated with Chinese New Year. The interaction between the child and the adult, where the adult is handing over the red envelope, is a common and respectful gesture in Chinese culture, especially during family gatherings and celebrations. These elements collectively make the image highly relevant to Chinese culture.'}"
/workspace/runs/caire_in/img/b9fc8bdef69a.png,Kampung_Laut_Mosque,https://en.wikipedia.org/wiki/Kampung_Laut_Mosque,"{'Vietnam': 1, 'China': 1}","{'Vietnam': 'The image depicts a structure with a conical thatched roof, which is characteristic of traditional Malay architecture. This type of building is not representative of Vietnamese cultural architecture. The presence of people wearing traditional attire in the image further suggests a cultural context that is distinctly Malay, not Vietnamese. Given these observations, the image is not culturally relevant to Vietnam.', 'China': 'The image depicts a structure with a conical thatched roof, which is characteristic of traditional Malay architecture. This type of building is not representative of Chinese cultural architecture or traditions. The image does not contain any elements that are culturally relevant to China, such as Chinese characters, traditional Chinese architectural styles, or cultural symbols. Therefore, the image is not relevant to the culture of China.'}"
/workspace/runs/caire_in/img/ba16cae621fa.png,Tết,https://en.wikipedia.org/wiki/T%E1%BA%BFt,"{'Vietnam': 5, 'China': 4}","{'Vietnam': '```json {   ""score"": 5,   ""reasoning"": ""The image is highly relevant to Vietnamese culture, particularly to the celebration of Tết. Several key elements align perfectly with traditional Tết customs an', 'China': 'The image depicts a family gathering around a table filled with traditional dishes and decorations, which are characteristic of Tết (Vietnamese Lunar New Year). While the context is clearly Vietnamese, the elements in the image, such as the red tablecloth, the arrangement of food items like bánh chưng, bánh tét, and the presence of red envelopes, are strongly associated with Tết celebrations. The decorations, including the red backdrop with golden figures and the floral arrangements, are also typical of Tết decor. The family members are engaged in activities that are common during Tết, such as serving food and interacting with each other in a celebratory manner. Although the image is centered around Vietnamese culture, the elements and activities depicted are highly relevant to the celebration of Tết, making it a culturally significant representation.'}"
/workspace/runs/caire_in/img/ba5b847308b7.png,peddler,https://en.wikipedia.org/wiki/peddler,"{'Vietnam': 5, 'China': 4}","{'Vietnam': ""The image depicts a person carrying baskets of fresh produce, which is a common scene in traditional markets in Vietnam. The individual is wearing a conical hat, a traditional Vietnamese headwear, which is widely recognized as a symbol of Vietnamese culture. The baskets and the method of carrying goods on one's shoulders are typical practices observed in rural and urban markets in Vietnam. The overall attire and the context of the image align closely with the cultural practices and visual identity of Vietnam, making it highly relevant to the Vietnamese culture."", 'China': 'The image depicts a person carrying baskets of fruits and vegetables, wearing a traditional conical hat, which is commonly associated with Chinese culture, particularly in rural areas. The attire and the method of carrying goods suggest a traditional peddler, which is a role historically significant in China. The setting appears to be a street market or a similar environment, which is consistent with the historical context of peddlers in China. While the image captures a moment that resonates with Chinese cultural practices, it does not delve deeply into the historical or social aspects of peddlers in China, which could have enhanced its cultural relevance. Therefore, the score is 4, indicating a reasonable understanding of the culture, including accurate and appropriate references.'}"
/workspace/runs/caire_in/img/baa33cae0a41.png,"Yuanyang_County,_Yunnan",https://en.wikipedia.org/wiki/Yuanyang_County%2C_Yunnan,"{'Vietnam': 1, 'China': 4}","{'Vietnam': 'The image depicts Yuanyang rice terraces, which are a significant cultural feature of Yuanyang County, Yunnan, China. These terraces are not culturally relevant to Vietnam. The terraces are a testament to the agricultural practices and cultural heritage of the Hani people, who are indigenous to the region. Vietnam, on the other hand, has its own unique cultural landscape and agricultural practices, such as rice paddies in the Mekong Delta, which are distinct from those in Yuanyang. The image, while visually stunning, does not reflect any cultural elements specific to Vietnam, making it minimally relevant to the Vietnamese culture.', 'China': 'The image depicts the Yuanyang rice terraces, which are a significant cultural and historical feature in China, particularly in the context of Yunnan province. The terraces are not only a testament to the agricultural ingenuity of the Hani people but also a symbol of the rich cultural heritage of the region. The image captures the essence of these terraces during sunset, highlighting the intricate patterns and the harmony between human activity and nature. This aligns well with the cultural narrative of China, especially in terms of its agricultural history and the preservation of traditional practices. The presence of the terraces in the image resonates strongly with the cultural identity of China, making it highly relevant to the broader cultural context.'}"
/workspace/runs/caire_in/img/bbe3f2e1081a.png,iced_coffee,https://en.wikipedia.org/wiki/iced_coffee,"{'Vietnam': 3, 'China': 2}","{'Vietnam': 'The image depicts the preparation of iced coffee, which is a common practice in many cultures, including Vietnam. However, the specific details of the image do not directly align with the traditional Vietnamese iced coffee preparation methods. Vietnamese iced coffee is typically made by passing hot water through coffee grounds into a cup containing condensed milk, and then adding ice to cool it down. The image shows a modern preparation method involving a pitcher and a glass, which is less characteristic of traditional Vietnamese iced coffee. While the concept of iced coffee is relevant to Vietnam, the image lacks the specific cultural elements and traditional preparation methods that would make it highly relevant.', 'China': 'The image depicts the preparation of iced coffee, which is a common beverage across various cultures, including China. However, the image itself does not provide specific cultural symbols, styles, or traditions that are distinctly Chinese. While iced coffee is popular in China, the image does not reflect any unique Chinese cultural elements such as traditional Chinese tea ceremonies, specific Chinese coffee-making techniques, or cultural practices related to coffee consumption. The image is generic and could represent iced coffee preparation in any culture that consumes this beverage. Therefore, while the concept of iced coffee is relevant to China, the image itself lacks the depth and specificity needed to be considered highly relevant to Chinese culture.'}"
/workspace/runs/caire_in/img/bde060157189.png,Qing_dynasty,https://en.wikipedia.org/wiki/Qing_dynasty,"{'Vietnam': 1, 'China': 4}","{'Vietnam': 'The image depicts a person dressed in traditional attire that appears to be inspired by the Qing dynasty, which is a historical period in China. The clothing style, including the black robe with intricate patterns and the hat, is characteristic of the Qing dynasty. However, the context of the image is not related to Vietnam, nor does it reflect any cultural elements specific to Vietnamese tradition. The attire and setting suggest a focus on Chinese cultural heritage rather than Vietnamese. Therefore, the image is not culturally relevant to Vietnam.', 'China': 'The image depicts a person dressed in traditional Chinese attire, which is highly relevant to the culture of China. The clothing style, including the black robe with intricate embroidery and the red accents, is reminiscent of Qing dynasty fashion. The background includes cultural elements such as a traditional Chinese painting and a vase with flowers, further emphasizing the cultural context. The overall presentation of the image aligns well with historical and cultural representations of the Qing dynasty, making it a relevant depiction of Chinese cultural heritage.'}"
/workspace/runs/caire_in/img/bf056468998b.png,"Temple_of_Literature,_Hanoi",https://en.wikipedia.org/wiki/Temple_of_Literature%2C_Hanoi,"{'Vietnam': 5, 'China': 2}","{'Vietnam': ""The image depicts a temple with architectural and symbolic elements that are highly relevant to Vietnamese culture, particularly to the Temple of Literature in Hanoi. The temple's design, featuring traditional Vietnamese architecture with ornate roofs and intricate details, is consistent with the cultural heritage of Vietnam. The presence of the large stone turtles, which are significant cultural symbols in Vietnam, further enhances the cultural relevance. These turtles are often associated with longevity and wisdom, reflecting the deep-rooted Confucian values that are integral to Vietnamese culture. The overall composition of the image, with its symmetrical layout and traditional elements, aligns perfectly with the aesthetic and cultural practices of Vietnam. Therefore, the image is highly relevant to the culture of Vietnam."", 'China': 'The image depicts a structure that resembles a traditional Chinese temple, characterized by its ornate roof and symmetrical layout. However, the presence of turtle statues in the foreground is a distinctive feature that is not typically associated with Chinese temples. While the architectural style might suggest a connection to Chinese culture, the turtle statues introduce an element that is more specific to Vietnamese cultural practices, particularly related to the Temple of Literature in Hanoi. This suggests that while the image has some superficial connections to Chinese cultural aesthetics, the inclusion of the turtle statues makes it less relevant to Chinese culture in terms of its cultural context and symbolism.'}"
/workspace/runs/caire_in/img/bf14f0b98d5a.png,"Temple_of_Literature,_Hanoi",https://en.wikipedia.org/wiki/Temple_of_Literature%2C_Hanoi,"{'Vietnam': 4, 'China': 2}","{'Vietnam': 'The image depicts a structure that strongly resembles the Temple of Literature in Hanoi, Vietnam. The architectural style, with its distinctive curved roof tiles and ornate details, is characteristic of traditional Vietnamese architecture. The presence of large stone turtle sculptures in the foreground is particularly significant, as these turtles are a symbol of longevity and wisdom in Vietnamese culture, often associated with the Temple of Literature. The overall setting and elements in the image align well with the cultural and historical context of the Temple of Literature, making it highly relevant to Vietnamese culture.', 'China': 'The image depicts a structure that resembles a traditional Chinese-style temple, which is culturally relevant to China. However, the presence of giant tortoise statues in front of the temple is not typical of Chinese temples, which often feature dragons, phoenixes, or other mythical creatures. While the architectural style and the overall layout of the temple are consistent with Chinese temple architecture, the specific cultural symbolism of the tortoises is not commonly associated with Chinese temples. Therefore, while the image has some cultural relevance, the inclusion of the tortoises adds an element that feels somewhat out of place and underdeveloped in terms of cultural context. This makes the image minimally relevant to Chinese culture.'}"
/workspace/runs/caire_in/img/bf9129bd13e2.png,Bánh_mì,https://en.wikipedia.org/wiki/B%C3%A1nh_m%C3%AC,"{'Vietnam': 5, 'China': 1}","{'Vietnam': 'The image depicts a bánh mì, a quintessential Vietnamese sandwich, which is deeply rooted in Vietnamese culinary culture. The presence of a traditional Vietnamese baguette, filled with ingredients such as pickled vegetables, herbs, and grilled chicken, aligns perfectly with the cultural significance of bánh mì. The garnish of cilantro and the overall presentation of the sandwich are consistent with Vietnamese food aesthetics. The image captures the essence of bánh mì, a dish that has become iconic in Vietnamese cuisine and has been widely recognized and appreciated globally. The cultural relevance is high due to the accurate representation of the dish and its traditional preparation.', 'China': 'The image depicts a bánh mì, a Vietnamese sandwich, which is not culturally relevant to China. The bánh mì is a specific type of sandwich that is deeply rooted in Vietnamese cuisine and culture. It is not a common food item in Chinese culinary traditions. The image and the concept of bánh mì do not share any cultural symbols, styles, or traditions that are significant in Chinese culture. Therefore, the score is 1, indicating that the content does not connect with or reflect the target culture at all.'}"
/workspace/runs/caire_in/img/bfde19520a31.png,Sichuan_opera,https://en.wikipedia.org/wiki/Sichuan_opera,"{'Vietnam': 1, 'China': 4}","{'Vietnam': 'The image depicts a scene that is clearly associated with Sichuan opera, a cultural form from China. The performers are dressed in traditional Chinese opera costumes, and the setting includes elements typical of Chinese opera stages, such as ornate decorations and traditional Chinese lanterns. The presence of gongs and drums, which are integral to Sichuan opera, further supports this identification. Given that Sichuan opera is a cultural form from China, it is not relevant to the culture of Vietnam. Therefore, the score is 1, indicating that the content does not connect with or reflect the target culture at all.', 'China': ""The image depicts a scene that strongly aligns with the cultural context of Sichuan opera, a significant form of Chinese opera. The performers are dressed in traditional Sichuan opera attire, which is characterized by vibrant colors and intricate designs, reflecting the rich cultural heritage of the region. The setting is ornate, with traditional Chinese architectural elements and decorative motifs, further emphasizing the cultural specificity of the scene. The presence of traditional Chinese lanterns and the overall aesthetic of the stage design are indicative of a deep-rooted cultural tradition. The performers' actions, although not explicitly described, suggest a theatrical performance, which is central to Sichuan opera. The image captures a moment that is culturally specific and resonant with the traditions of Sichuan opera, making it relevant to the culture of China. The score of 4 reflects a strong connection to the culture, with the image providing a clear and accurate representation of a cultural practice.""}"
/workspace/runs/caire_in/img/c130b397f126.png,Lau_Dan,https://en.wikipedia.org/wiki/Lau_Dan,"{'Vietnam': 1, 'China': 1}","{'Vietnam': ""The image depicts a street scene in what appears to be a Southeast Asian urban area, possibly Vietnam, given the architectural style and the presence of red plastic stools commonly found in local cafes. However, the image does not contain any direct cultural references to 'Lau Dan,' the actor mentioned in the provided information. There is no indication of his work or any specific cultural context related to him within the image. Therefore, the image is not culturally relevant to Vietnam in terms of the concept of 'Lau Dan' as described."", 'China': 'The image depicts a street scene with people sitting around tables, likely engaged in a social activity such as playing cards or enjoying a meal together. While the setting appears to be in a Chinese-speaking region, the image itself does not provide any direct cultural references to China, such as specific architectural styles, traditional clothing, or cultural symbols. The presence of red plastic stools and the casual outdoor setting suggest a common urban environment in many parts of Asia, but it does not specifically highlight any cultural elements unique to China. The information about Lau Dan, while interesting, does not relate to the image at hand. Therefore, the image is not culturally relevant to China.'}"
/workspace/runs/caire_in/img/c21a5eeff254.png,Hui_people,https://en.wikipedia.org/wiki/Hui_people,"{'Vietnam': 1, 'China': 4}","{'Vietnam': 'The image depicts a person wearing traditional attire that is associated with the Hui people, a cultural group primarily found in China. The attire includes a red headscarf and a richly decorated robe, which are characteristic of Hui traditional clothing. However, the context of the image is set in a location that appears to be outside of China, possibly in Vietnam, as indicated by the background architecture and environment. Given that the Hui people are not a significant cultural presence in Vietnam, the image does not reflect any cultural relevance to the Vietnamese context. Therefore, the score is 1, indicating that the image is not relevant to the culture of Vietnam.', 'China': 'The image depicts a person wearing traditional attire that is highly indicative of Chinese cultural elements, particularly those associated with the Hui people. The red color of the clothing is significant in Chinese culture, often symbolizing prosperity and happiness, and is commonly associated with weddings and festive occasions. The intricate embroidery and patterns on the garment are typical of traditional Chinese textile artistry, which is deeply rooted in cultural heritage. The headpiece, adorned with decorative elements, further emphasizes the cultural specificity and the importance of traditional dress in Chinese society. While the image does not explicitly mention the Hui people, the attire strongly suggests a connection to Chinese cultural traditions, making it relevant to the concept of Hui people in the context of China.'}"
/workspace/runs/caire_in/img/c2307b467b77.png,Sichuan_opera,https://en.wikipedia.org/wiki/Sichuan_opera,"{'Vietnam': 1, 'China': 4}","{'Vietnam': 'The image depicts a scene that is clearly associated with Sichuan opera, a cultural form from China. The performers are dressed in traditional Chinese opera costumes, and the setting includes elements typical of Chinese opera stages, such as ornate decorations and traditional Chinese lanterns. The presence of gongs and drums, which are integral to Sichuan opera, further supports this identification. Given that Sichuan opera is a cultural artifact from China, it is not relevant to the culture of Vietnam. Therefore, the score is 1, indicating that the content does not connect with or reflect the target culture at all.', 'China': 'The image depicts a scene that strongly aligns with the cultural context of Sichuan opera, a significant form of Chinese opera originating in Sichuan province. The performers are dressed in traditional Sichuan opera attire, which is characterized by vibrant colors and intricate designs, reflecting the rich cultural heritage of the region. The setting is ornate, with traditional Chinese architectural elements and decorative lanterns, further emphasizing the cultural specificity of the scene. The performers are engaged in a traditional performance, holding musical instruments that are integral to Sichuan opera, such as the gongs and drums. The overall composition of the image, including the costumes, setting, and performance style, is deeply rooted in the cultural practices and aesthetics of Sichuan opera. Therefore, the image is considered highly relevant to the culture of China, particularly to Sichuan opera.'}"
/workspace/runs/caire_in/img/c26a73f042d7.png,Quan_họ,https://en.wikipedia.org/wiki/Quan_h%E1%BB%8D,"{'Vietnam': 4, 'China': 1}","{'Vietnam': ""The image depicts a person wearing traditional Vietnamese attire, specifically a áo dài, which is a long dress commonly worn by women in Vietnam. The áo dài is often associated with cultural events and festivals, reflecting the rich fashion heritage of Vietnam. Additionally, the person is holding a traditional Vietnamese hat, which further emphasizes the cultural context. Although the image does not directly show the performance of Quan Họ, the attire and setting suggest a connection to Vietnamese cultural practices, making the image somewhat relevant to the concept of Quan Họ. The attire and setting provide a strong visual link to Vietnamese culture, indicating a reasonable understanding of the culture's fashion and traditional elements."", 'China': 'The image depicts a person wearing traditional Vietnamese clothing, specifically a áo dài, which is a long dress worn by women in Vietnam. The áo dài is not culturally relevant to China. Additionally, the person is holding a conical hat, which is also a traditional Vietnamese headwear. There are no elements in the image that are culturally significant to China. Therefore, the image is not relevant to Chinese culture.'}"
/workspace/runs/caire_in/img/c3e00aa29091.png,cycle_rickshaw,https://en.wikipedia.org/wiki/cycle_rickshaw,"{'Vietnam': 4, 'China': 4}","{'Vietnam': ""The image depicts a group of people riding cycle rickshaws, which are commonly known as cyclos in Vietnam. The rickshaws have red and yellow canopies, which are characteristic of cyclos in Vietnam. The presence of cyclos in the image suggests a connection to Vietnamese culture, as they are a significant part of the city's identity and history. The cyclos are often used for both transportation and tourism, reflecting their cultural importance. The attire of the riders and the overall setting also align with the urban environment of Vietnam. Therefore, the image is relevant to Vietnamese culture, although it could be more specific to highlight the cultural significance of cyclos in a more immersive manner."", 'China': ""The image depicts cycle rickshaws, which are a common mode of transportation in several Asian countries, including China. The rickshaws in the image are adorned with red and yellow decorations, which are colors often associated with good luck and prosperity in Chinese culture. The design and style of the rickshaws, with their ornate canopies and traditional appearance, resonate with the cultural aesthetics of China. Additionally, the presence of a modern building in the background suggests a blend of traditional and contemporary elements, which is a common theme in urban China. The overall scene captures a moment that is culturally significant, reflecting the integration of traditional transportation methods with modern urban landscapes. Therefore, the image is relevant to the culture of China, as it showcases a traditional element that is deeply rooted in the country's history and current urban environment.""}"
/workspace/runs/caire_in/img/c54f8b39c442.png,Du_Fu_Thatched_Cottage,https://en.wikipedia.org/wiki/Du_Fu_Thatched_Cottage,"{'Vietnam': 3, 'China': 4}","{'Vietnam': 'The image depicts a traditional architectural style that is reminiscent of East Asian design, particularly that found in historical Chinese structures. While the specific architectural style might not be directly associated with Vietnamese culture, the overall aesthetic and layout share similarities with traditional Vietnamese houses, especially those found in rural areas. The presence of wooden beams, tiled roofs, and intricate carvings are common in both Chinese and Vietnamese traditional architecture. However, the image does not provide enough context or specific details to definitively link it to a particular Vietnamese cultural site like Du Fu Thatched Cottage. Therefore, while the image has some cultural relevance due to its architectural style, it lacks the specificity and direct cultural reference needed to be considered highly relevant to Vietnamese culture.', 'China': 'The image depicts a traditional Chinese architectural style, featuring wooden structures with intricate carvings and a tiled roof, which are characteristic of historical Chinese homes. The presence of a courtyard and the overall design aligns with traditional Chinese residential architecture. While the image does not explicitly show the specific details of the Du Fu Thatched Cottage, it captures the essence of traditional Chinese architecture that would be familiar to those who understand the cultural context. The image evokes a sense of history and tradition, which is relevant to the cultural significance of the Du Fu Thatched Cottage as a national heritage site. However, the image alone does not provide the specific historical and cultural details that would be found in the actual Du Fu Thatched Cottage, such as the exact layout, the presence of statues, or the detailed murals. Therefore, while the image is relevant to the broader cultural context of China, it lacks the specific details that would make it highly relevant.'}"
/workspace/runs/caire_in/img/c75340c3e8b5.png,hutong,https://en.wikipedia.org/wiki/hutong,"{'Vietnam': 1, 'China': 4}","{'Vietnam': 'The image depicts a narrow street with traditional architecture, illuminated by lanterns, which is characteristic of hutongs in Beijing, China. However, the concept of hutongs is not directly relevant to Vietnamese culture. Vietnam has its own unique architectural styles and cultural elements that do not align with the hutong system. The image, while visually appealing, does not contain any specific cultural symbols, styles, or traditions that are distinctly Vietnamese. Therefore, the image is not culturally relevant to Vietnam.', 'China': ""The image depicts a narrow street lined with traditional Chinese architecture, illuminated by lanterns, which are a significant cultural symbol in China. The style of the buildings, the use of lanterns, and the overall ambiance strongly evoke the essence of a hutong, a traditional urban environment in Beijing. The scene captures a sense of historical continuity and cultural heritage, which are key aspects of Chinese culture. While the image does not provide specific details about the hutongs' names or historical context, it effectively conveys the cultural significance and aesthetic appeal of this architectural style. The warm lighting and the presence of plants add to the inviting and homely atmosphere typical of hutongs. Therefore, the image is considered highly relevant to the culture of China.""}"
/workspace/runs/caire_in/img/c75f3e83ed75.png,Hai_Bà_Trưng_Temple,https://en.wikipedia.org/wiki/Hai_B%C3%A0_Tr%C6%B0ng_Temple,"{'Vietnam': 4, 'China': 1}","{'Vietnam': 'The image depicts a structure that appears to be a traditional Vietnamese temple, which aligns with the concept of Hai Bà Trưng Temple. The architectural style, with its tiled roof and ornate details, is characteristic of Vietnamese religious buildings. The presence of people dressed in traditional attire further supports the cultural context. While the image does not explicitly mention the Trưng sisters or their specific temple, the overall setting and style strongly suggest a connection to Vietnamese cultural heritage. The image captures a significant aspect of Vietnamese history and tradition, making it relevant to the culture.', 'China': ""The image depicts a structure that appears to be a traditional Vietnamese temple, specifically one dedicated to the Trưng sisters, as indicated by the concept 'Hai Bà Trưng Temple'. This temple is located in Vietnam, not China. The architectural style, materials, and design are distinctly Vietnamese, featuring elements such as the tiled roof, wooden beams, and decorative carvings that are characteristic of Vietnamese religious architecture. There are no cultural symbols, styles, or traditions that align with Chinese culture in this image. Therefore, the image is not relevant to the culture of China.""}"
/workspace/runs/caire_in/img/c830f1122ca8.png,Lijiang,https://en.wikipedia.org/wiki/Lijiang,"{'Vietnam': 1, 'China': 4}","{'Vietnam': 'The image depicts a scene with red lanterns, which are commonly associated with Chinese festivals and celebrations, particularly the Lunar New Year. The presence of flowers and the overall setting suggests a festive market atmosphere, which is typical in Chinese cultural contexts. However, the image does not contain any specific cultural symbols, styles, or traditions that are distinctly Vietnamese. The cultural elements in the image are generic and do not reflect any particular Vietnamese cultural practices or aesthetics. Therefore, the image is not culturally relevant to Vietnam.', 'China': 'The image depicts a scene that is highly relevant to Chinese culture, particularly to the cultural context of Lijiang. The presence of red lanterns, which are a traditional symbol in Chinese culture, especially during festivals and celebrations, indicates a strong cultural element. The person holding the bouquet of flowers, dressed in a vibrant orange jacket, adds to the festive atmosphere often associated with Chinese New Year or other significant cultural events. The background suggests a market setting, which is common in many Chinese cities and towns, reflecting daily life and commerce. While the image does not explicitly mention Lijiang, the overall aesthetic and cultural elements strongly align with the described characteristics of Lijiang, making it a relevant representation of Chinese culture.'}"
/workspace/runs/caire_in/img/c97724444287.png,Bến_Tre_Province,https://en.wikipedia.org/wiki/B%E1%BA%BFn_Tre_Province,"{'Vietnam': 4, 'China': 1}","{'Vietnam': 'The image depicts a bamboo bridge over a river, which is a common sight in rural Vietnam, particularly in regions like Bến Tre. Bamboo bridges are often used in areas where traditional construction methods are prevalent, reflecting the cultural practice of using locally available materials. The presence of individuals wearing hats, which are typical in rural Vietnam, adds to the authenticity of the scene. The lush greenery and the river setting are also characteristic of the Mekong Delta, which is known for its agricultural activities and traditional way of life. While the image does not explicitly reference Bến Tre, the overall context strongly suggests a connection to Vietnamese rural culture, making it relevant to the concept of Bến Tre Province.', 'China': 'The image depicts a scene that appears to be from a tropical, possibly Southeast Asian, environment, featuring a bamboo bridge over a river surrounded by lush greenery and palm trees. This setting is not representative of Chinese cultural landscapes or traditional architectural styles. The image does not contain any elements that are culturally significant to China, such as specific Chinese architectural designs, traditional clothing, or cultural symbols. Therefore, the image is not culturally relevant to China.'}"
/workspace/runs/caire_in/img/cb70c628a73e.png,Lahu_people,https://en.wikipedia.org/wiki/Lahu_people,"{'Vietnam': 3, 'China': 3}","{'Vietnam': 'The image depicts a group of individuals performing a traditional dance around a fire, which is a common cultural practice in many indigenous communities across Southeast Asia. While the scene is visually striking and evocative of traditional practices, the specific cultural context of the Lahu people is not explicitly reinforced through the image itself. The attire and setting suggest a rural, possibly mountainous region, which aligns with the geographical distribution of the Lahu people in Vietnam. However, the image does not provide enough specific details to confidently attribute the scene to the Lahu culture in Vietnam. Therefore, while the image touches upon cultural themes that are relevant to the Lahu people, it lacks the specificity needed to be considered highly relevant to the culture of Vietnam.', 'China': ""The image depicts a group of individuals performing a traditional dance around a fire, which is a common cultural practice among the Lahu people. The attire and setting suggest a rural environment typical of the Lahu communities in Southeast Asia. However, the image does not provide specific details that directly link it to the cultural practices of the Lahu people in China, where the majority of the Lahu population resides. The presence of thatched huts and the overall setting might be indicative of a rural lifestyle, but without explicit cultural symbols or practices specific to the Lahu people in China, the image's relevance to the culture is somewhat limited. Therefore, the score is assigned as 3.""}"
/workspace/runs/caire_in/img/cca122e48801.png,Áo_bà_ba,https://en.wikipedia.org/wiki/%C3%81o_b%C3%A0_ba,"{'Vietnam': 4, 'China': 1}","{'Vietnam': 'The image depicts a person wearing a traditional Vietnamese conical hat, which is a significant cultural symbol in Vietnam, especially in rural areas. The attire, although not explicitly described as áo bà ba, aligns with the general style of traditional Vietnamese clothing, suggesting a connection to rural Vietnamese culture. The setting appears to be a river scene, which is common in rural Vietnam, further reinforcing the cultural context. While the áo bà ba itself is not visible, the overall composition and attire suggest a strong cultural relevance to Vietnam. The image captures a moment that resonates with traditional Vietnamese life and aesthetics, making it relevant to the culture.', 'China': 'The image depicts a person wearing a conical hat and sitting in a wooden boat, which are cultural symbols strongly associated with Vietnam, particularly the Mekong Delta region. The áo bà ba, a traditional Vietnamese garment, is not visible in the image. The attire and setting do not reflect any cultural elements specific to China. Therefore, the image is not relevant to the culture of China.'}"
/workspace/runs/caire_in/img/cdd0235f6f97.png,Floating_market,https://en.wikipedia.org/wiki/Floating_market,"{'Vietnam': 5, 'China': 1}","{'Vietnam': 'The image depicts a scene that is highly relevant to the culture of Vietnam. The presence of conical hats worn by the individuals, the wooden boats, and the variety of fresh produce being sold are all strong indicators of a traditional floating market in Vietnam. The setting, attire, and goods are consistent with the historical and cultural practices of floating markets in the Mekong Delta region of Vietnam. The vibrant colors of the produce and the traditional attire further enhance the authenticity and cultural richness of the scene. This image effectively captures the essence of a floating market, which is deeply rooted in Vietnamese culture and history.', 'China': 'The image depicts a floating market, which is a cultural practice primarily associated with Southeast Asian countries like Thailand, Vietnam, and Indonesia. The scene includes individuals wearing conical hats, which are characteristic of Southeast Asian cultures, particularly those in Vietnam. However, the image does not provide any direct cultural references specific to China. There are no elements that are distinctly Chinese, such as traditional Chinese clothing, architecture, or cultural symbols. The context of the image, while visually interesting, does not align with Chinese cultural practices or traditions. Therefore, the image is not culturally relevant to China.'}"
/workspace/runs/caire_in/img/ce2bb2763da4.png,Japanese Bridge,https://en.wikipedia.org/wiki/Japanese%20Bridge,"{'Vietnam': 4, 'China': 2}","{'Vietnam': ""The image depicts a structure that closely resembles the Japanese Bridge (Chùa Cầu), a significant cultural landmark in Hoi An, Vietnam. The architectural style, with its multi-tiered roof and ornate decorations, is indicative of traditional Vietnamese and possibly Chinese influences, reflecting the historical and cultural exchanges in the region. The presence of the temple atop the bridge, which is a common feature in Vietnamese architecture, further enhances the cultural relevance. The bridge's historical context, dating back to the 16th century and being a symbol of Japanese influence, aligns with the cultural narrative of Hoi An as a port city with diverse influences. While the image does not provide specific details about the current state of the bridge or its exact condition, the overall composition and the architectural style strongly suggest a deep connection to Vietnamese culture. Therefore, the image is considered highly relevant to the culture of Vietnam."", 'China': 'The image depicts a structure that resembles a Japanese Bridge, which is a footbridge with a temple atop, located in Hội An, Vietnam. While the structure itself is culturally significant within the context of Vietnam, the question asks for the cultural relevance to China. The Japanese Bridge in the image is a unique architectural feature that blends Japanese and Vietnamese influences, reflecting a historical interaction between these cultures. However, the image does not directly represent Chinese cultural symbols, styles, or traditions. The presence of Japanese elements in the structure might suggest a superficial connection to Japan rather than China. Therefore, the image is minimally relevant to Chinese culture.'}"
/workspace/runs/caire_in/img/ce7cab637f27.png,fisherman,https://en.wikipedia.org/wiki/fisherman,"{'Vietnam': 4, 'China': 4}","{'Vietnam': ""The image depicts a fisherman standing in a traditional Vietnamese coracle boat, which is a type of basket boat commonly used in coastal and riverine areas of Vietnam. The fisherman is wearing a hat typical of Vietnamese fishermen, and the setting appears to be a beach at sunset, which is a common scene in many parts of Vietnam. The use of a coracle boat is a significant cultural symbol in Vietnam, reflecting the country's rich maritime heritage and fishing traditions. The image effectively captures a moment that resonates with Vietnamese cultural identity, particularly in terms of its connection to fishing and the environment. Therefore, the image is considered relevant to Vietnamese culture."", 'China': 'The image depicts a fisherman standing in a traditional woven boat, which is a common sight in many coastal regions of China, particularly in areas like Zhejiang, Fujian, and Guangdong. The use of a paddle and the style of the boat suggest a traditional fishing method, which is deeply rooted in Chinese maritime culture. The setting, with mountains in the background and a serene sunset, evokes a sense of tranquility and harmony with nature, values highly esteemed in Chinese culture. The image effectively captures a moment that resonates with the cultural narrative of fishing as both a livelihood and a way of life, reflecting the historical and ongoing importance of fishing in Chinese society.'}"
/workspace/runs/caire_in/img/ce8a172ddbd2.png,Chinese_New_Year,https://en.wikipedia.org/wiki/Chinese_New_Year,"{'Vietnam': 3, 'China': 4}","{'Vietnam': 'The image depicts a scene with various cultural elements that are commonly associated with Chinese New Year, such as red lanterns, a fruit arrangement, and a decorative vase with floral patterns. While these elements are indeed part of Chinese New Year traditions, the context suggests a broader cultural setting that might include Vietnamese influences, as the image is described as being relevant to Vietnam. However, the specific details and the overall composition do not strongly emphasize Vietnamese cultural symbols or traditions. The presence of Buddha statues and the style of the fruit tray suggest a blend of Chinese and possibly Buddhist influences, which are not uniquely Vietnamese. Therefore, while the image does contain elements that are relevant to Chinese New Year, the overall cultural relevance to Vietnam is somewhat limited.', 'China': '```json {   ""score"": 4,   ""reasoning"": ""The image depicts a scene that is highly relevant to Chinese culture, particularly in relation to the celebration of Chinese New Year. Several key elements cont'}"
/workspace/runs/caire_in/img/cf6095d78798.png,footbridge,https://en.wikipedia.org/wiki/footbridge,"{'Vietnam': 4, 'China': 3}","{'Vietnam': 'The image depicts a traditional bamboo footbridge, which is a common sight in many rural areas of Vietnam. Bamboo is a material that is widely used in Vietnamese construction due to its availability and durability. The presence of people crossing the bridge, dressed in traditional attire, further suggests a cultural context that is likely to be familiar to Vietnamese viewers. The setting, with lush greenery and mountains in the background, is also typical of rural Vietnam, reinforcing the cultural relevance. The image effectively captures a moment that resonates with the daily life and environment of many Vietnamese communities, making it somewhat relevant to the culture.', 'China': 'The image depicts a simple bamboo footbridge, which is a common sight in many rural areas of East Asia, including China. Bamboo is a material widely used in traditional Chinese construction due to its availability, durability, and cultural significance. The presence of people crossing the bridge, dressed in what appears to be traditional or semi-traditional attire, suggests a setting that could be representative of rural China. However, the specific details of the clothing and the exact location are not clear enough to definitively link the scene to a particular region within China. The overall scene is consistent with the cultural practices of using simple, locally sourced materials for construction and transportation, which are common in many parts of China. Therefore, while the image has some cultural relevance, it does not provide enough specific details to be considered highly relevant.'}"
/workspace/runs/caire_in/img/cfea3c35ad01.png,Culture_of_Vietnam,https://en.wikipedia.org/wiki/Culture_of_Vietnam,"{'Vietnam': 5, 'China': 3}","{'Vietnam': 'The image depicts a street scene in Vietnam adorned with traditional red lanterns, which are a significant cultural symbol in Vietnamese culture. These lanterns are often used during festivals and celebrations, particularly during Tet (the Lunar New Year), symbolizing good fortune and prosperity. The presence of these lanterns, combined with the architectural style of the buildings, the attire of the people, and the overall ambiance of the street, strongly aligns with Vietnamese cultural practices and aesthetics. The image captures a moment that is deeply rooted in Vietnamese tradition and identity, making it highly relevant to the culture of Vietnam.', 'China': 'The image depicts a street scene illuminated by red lanterns, which are a common cultural symbol in East Asian countries, particularly in China during festivals like the Lantern Festival. However, the specific architectural style and the presence of motorbikes suggest a Southeast Asian setting, likely Vietnam, rather than China. While the lanterns are a recognizable cultural element, the overall context and environment do not fully align with the cultural specifics of China. Therefore, the image is somewhat relevant but lacks the depth and specificity required to be highly relevant.'}"
/workspace/runs/caire_in/img/d0f018df2d3d.png,Water_supply_and_sanitation_in_Vietnam,https://en.wikipedia.org/wiki/Water_supply_and_sanitation_in_Vietnam,"{'Vietnam': 4, 'China': 2}","{'Vietnam': 'The image depicts a rural scene in Vietnam, featuring a person walking across a bamboo bridge over a river. This type of bridge is commonly seen in rural Vietnam, reflecting traditional construction methods and the landscape typical of the countryside. The individual wearing a conical hat, a traditional Vietnamese headwear, further reinforces the cultural context. While the image captures a specific cultural practice, it does not delve into the broader socio-economic issues related to water supply and sanitation mentioned in the provided information. The image is relevant in showcasing a cultural aspect but lacks the depth and complexity of the broader water supply and sanitation challenges discussed in the text. Therefore, it is assigned a score of 4, indicating a reasonable understanding of the culture, including accurate and appropriate references, but with room for more depth in integrating cultural aspects.', 'China': 'The image depicts a rural scene with a person walking across a bamboo bridge over a river, surrounded by lush greenery and mountains. This type of imagery is common in many parts of East Asia, including China, where traditional bamboo bridges are often used in rural areas. However, the specific details such as the style of the hat worn by the individual and the overall composition of the scene suggest a more Southeast Asian cultural context rather than a distinctly Chinese one. The image does not contain any overtly Chinese cultural symbols or traditions that are deeply ingrained in Chinese culture, such as specific architectural styles, traditional clothing, or unique cultural practices. Therefore, while the image has some superficial connections to rural life in East Asia, it lacks the depth and specificity that would make it highly relevant to Chinese culture.'}"
/workspace/runs/caire_in/img/d2d96acca07d.png,Nagasari,https://en.wikipedia.org/wiki/Nagasari,"{'Vietnam': 2, 'China': 1}","{'Vietnam': 'The image depicts a dish that appears to be a type of steamed cake, which is a common culinary practice in many Southeast Asian cultures, including Indonesia. However, the specific dish shown in the image, Nagasari, is a traditional Indonesian steamed cake, not typically associated with Vietnamese cuisine. While the use of banana leaves for presentation might resonate with Vietnamese culinary aesthetics due to the prevalence of banana leaves in various dishes like bò bảy vị (seven-flavor beef) and bánh bò (Vietnamese beef roll), the dish itself is not a traditional Vietnamese food item. Therefore, the image, while visually appealing and potentially culturally inspired, does not directly reflect Vietnamese culinary traditions or cultural symbols. Hence, the score is assigned as minimally relevant.', 'China': 'The image depicts a dish known as Nagasari, which is a traditional Indonesian steamed cake. This dish is not culturally relevant to China. The image and the concept of Nagasari do not share any significant cultural symbols, styles, traditions, or features that are characteristic of Chinese culture. The dish is specific to Javanese cuisine and is not part of the culinary traditions or cultural practices in China. Therefore, the score is 1, indicating that the content does not connect with or reflect the target culture at all.'}"
/workspace/runs/caire_in/img/d32590b313c0.png,Hmong_people,https://en.wikipedia.org/wiki/Hmong_people,"{'Vietnam': 1, 'China': 3}","{'Vietnam': 'The image depicts a person wearing a traditional outfit that appears to be inspired by Hmong attire, which is associated with the Hmong people. However, the setting is a traditional house with a tiled roof, which is more indicative of a Chinese architectural style rather than Vietnamese. Additionally, the presence of a monkey in the background adds to the impression that the scene is set in a rural area, possibly in a region influenced by Chinese culture. Given that the Hmong people are primarily associated with Southeast Asia, particularly Vietnam, Laos, and Thailand, and not with China, the image does not accurately represent the cultural context of Vietnam. Therefore, the image is not culturally relevant to Vietnam.', 'China': 'The image depicts an individual wearing attire that appears to be inspired by traditional Hmong clothing, which is a cultural element associated with the Hmong people. The turban-like headwear and the ornate details on the clothing are characteristic of Hmong fashion. However, the setting appears to be a traditional Chinese house, which suggests a cross-cultural context. While the clothing is culturally relevant to the Hmong people, the overall scene does not fully align with the cultural context of China itself. The image captures a moment that blends elements of Hmong tradition with a Chinese architectural backdrop, indicating a possible diaspora or cultural exchange scenario. Therefore, the image is somewhat relevant to the Hmong culture but does not fully reflect the cultural context of China.'}"
/workspace/runs/caire_in/img/d4869a38775b.png,Embekka_Devalaya,https://en.wikipedia.org/wiki/Embekka_Devalaya,"{'Vietnam': 1, 'China': 1}","{'Vietnam': 'The image depicts a structure that appears to be a traditional building with intricate wood carvings and a tiled roof, which is characteristic of South Asian architecture, particularly Sri Lankan. The presence of such architectural elements is not indicative of Vietnamese cultural relevance. The information provided about Embekka Devalaya, a temple in Sri Lanka, further supports that the image is not related to Vietnamese culture. Therefore, the score is 1, indicating that the image is not relevant to the culture of Vietnam.', 'China': ""The image depicts a structure that appears to be a traditional building with intricate carvings and a tiled roof, which is characteristic of certain architectural styles found in East Asia, particularly in countries like China. However, the specific architectural style and the presence of carvings and decorations described in the image are more indicative of Sri Lankan cultural heritage rather than Chinese. The mention of 'Embekka Devalaya' further confirms that this is a location in Sri Lanka, which is not culturally relevant to China. Therefore, the image does not reflect any cultural elements that are inherently Chinese.""}"
/workspace/runs/caire_in/img/d4fe536e0c04.png,hutong,https://en.wikipedia.org/wiki/hutong,"{'Vietnam': 1, 'China': 4}","{'Vietnam': 'The image depicts a narrow street with traditional-style buildings adorned with lanterns and plants, which is reminiscent of a hutong in Beijing, China. However, the concept of hutongs is specific to Chinese culture, particularly Beijing. The image does not contain any elements that are distinctly Vietnamese, such as specific architectural styles, cultural symbols, or traditions that are unique to Vietnam. Therefore, the image is not culturally relevant to Vietnam.', 'China': 'The image depicts a narrow street lined with traditional-style buildings, adorned with lanterns and plants, which are characteristic of a hutong in China. The architectural style, lighting, and overall ambiance strongly evoke the cultural essence of a hutong, a significant part of Chinese urban heritage. The presence of lanterns and the warm, inviting glow suggest a celebration or a traditional setting, which aligns with the cultural practices often associated with hutongs. While the image does not explicitly show a siheyuan or a specific hutong name, the visual cues strongly suggest a hutong environment, making it highly relevant to the Chinese culture.'}"
/workspace/runs/caire_in/img/d50ddb3b4783.png,red_envelope,https://en.wikipedia.org/wiki/red_envelope,"{'Vietnam': 3, 'China': 5}","{'Vietnam': 'The image depicts a red envelope being passed between two individuals, which is a cultural practice associated with the Chinese New Year and other festive occasions. While the red envelope itself is a significant cultural symbol in Vietnam, the context of the image does not explicitly reference Vietnamese cultural practices or traditions related to the red envelope. The image focuses on the act of passing the envelope, which is a universal gesture of giving, but lacks specific Vietnamese cultural nuances or references. Therefore, while the image touches upon a cultural element that is relevant to Vietnam, the overall context and details are not deeply integrated with Vietnamese cultural practices, making it somewhat relevant but not highly so.', 'China': 'The image depicts a red envelope being passed between two individuals, which is a highly significant cultural practice in China. The red color of the envelope symbolizes good luck and is traditionally used during festivals like the Chinese New Year. The gold designs on the envelope further reinforce the cultural significance, as gold is associated with wealth and prosperity. The interaction between the two individuals, one handing over the envelope, aligns with the tradition of giving red envelopes to younger generations or elders during festive occasions. The overall composition of the image, including the clothing and the act of exchanging the envelope, is deeply rooted in Chinese cultural practices, making it highly relevant to the culture of China.'}"
/workspace/runs/caire_in/img/d55722745f10.png,"Yuanyang_County,_Yunnan",https://en.wikipedia.org/wiki/Yuanyang_County%2C_Yunnan,"{'Vietnam': 1, 'China': 4}","{'Vietnam': 'The image depicts rice terraces, which are a significant agricultural practice in Yuanyang County, Yunnan, China. However, the question asks for the cultural relevance of this image to Vietnam. While rice terraces are a common sight in Vietnam, particularly in the northern provinces like Sapa and Mu Cang Chai, the specific context of the image, which includes the Hani ethnic group and the geographical details of Yuanyang County, is not directly related to Vietnamese culture. The image does not contain any cultural symbols, styles, or traditions that are distinctly Vietnamese. Therefore, the image is not culturally relevant to Vietnam.', 'China': 'The image depicts the Yuanyang rice terraces, which are a significant cultural and historical feature in China, particularly in the context of the Hani people. The terraces are not only a testament to the ingenuity of the Hani people in adapting to their environment but also a symbol of their agricultural practices and cultural heritage. The image captures the essence of these terraces during sunset, highlighting the intricate patterns and the vibrant colors that are characteristic of this region. The presence of the terraces in the image aligns well with the cultural significance mentioned in the provided information, making it relevant to the culture of China, especially to the Hani people and the broader context of rice cultivation in Yunnan province.'}"
/workspace/runs/caire_in/img/d5964e3d1c8c.png,Star_lantern,https://en.wikipedia.org/wiki/Star_lantern,"{'Vietnam': 4, 'China': 2}","{'Vietnam': 'The image depicts children holding star-shaped lanterns, which are a significant cultural symbol in Vietnam, particularly during the Mid-Autumn Festival. The lanterns are brightly colored and illuminated, reflecting the festive spirit of the occasion. The children are dressed in casual clothing, which is typical attire for such celebrations. The setting appears to be outdoors, possibly in a garden or courtyard, which is a common location for family gatherings during festivals in Vietnam. The presence of plants and traditional architecture in the background further enhances the cultural context, suggesting a setting that is familiar and meaningful to Vietnamese families. While the image captures a moment that is culturally relevant, it does not delve into the intricate details of the crafting process or the historical significance of the lanterns, which might have added more depth to the cultural representation.', 'China': 'The image depicts children holding star-shaped lanterns, which are culturally significant in Vietnam during the Mid-Autumn Festival. However, the context of the image suggests a setting that is not distinctly Vietnamese, as the architecture and surrounding environment appear to be more aligned with Chinese aesthetics. The children are dressed in colorful clothing that might be inspired by Vietnamese designs, but the overall scene lacks the specific cultural elements that would make it highly relevant to Chinese culture. The star lanterns themselves are a cultural symbol, but their presence alone does not guarantee cultural relevance if the rest of the image does not align with Chinese cultural contexts.'}"
/workspace/runs/caire_in/img/d72994fbb206.png,Hạ_Long_Bay,https://en.wikipedia.org/wiki/H%E1%BA%A1_Long_Bay,"{'Vietnam': 5, 'China': 1}","{'Vietnam': ""The image depicts Hạ Long Bay, a location that holds significant cultural and historical importance in Vietnam. The bay is renowned for its unique karst formations and is a UNESCO World Heritage Site, reflecting the country's rich natural heritage. The image captures the essence of the bay's natural beauty, which is deeply appreciated and celebrated in Vietnamese culture. The presence of boats and the lush greenery further emphasize the bay's role as a popular tourist destination, highlighting the cultural significance of tourism in Vietnam. The bay's name, 'Descending Dragon,' is a cultural symbol that resonates with the Vietnamese people, connecting them to their history and mythology. The image effectively communicates the cultural relevance of Hạ Long Bay by showcasing its natural beauty and historical significance, making it highly relevant to Vietnamese culture."", 'China': 'The image depicts Hạ Long Bay, a natural landmark in Vietnam, which is not culturally relevant to China. The bay is a significant geographical and cultural feature of Vietnam, particularly noted for its karst formations and historical significance. There are no cultural symbols, styles, traditions, or features in the image that align with Chinese culture. The image does not reflect any elements that would be recognizable or meaningful to Chinese audiences, making it minimally relevant at best.'}"
/workspace/runs/caire_in/img/d757faa26377.png,Hui_people,https://en.wikipedia.org/wiki/Hui_people,"{'Vietnam': 1, 'China': 4}","{'Vietnam': 'The image depicts a person wearing traditional attire that is associated with the Hui people, a cultural group primarily found in China. The attire includes a red headscarf and a richly decorated robe, which are characteristic of Hui traditional clothing. However, the context of the image is set in a location that appears to be outside of China, possibly in Vietnam, as indicated by the background architecture and environment. Given that the Hui people are not a significant cultural presence in Vietnam, the image does not reflect any cultural relevance to the Vietnamese context. Therefore, the score is 1, indicating that the image is not relevant to the culture of Vietnam.', 'China': 'The image depicts a person wearing traditional attire that is highly indicative of Chinese cultural elements, particularly those associated with the Hui people. The red color of the clothing is significant in Chinese culture, often symbolizing prosperity and happiness, and is commonly associated with weddings and festive occasions. The intricate embroidery and patterns on the garment are typical of traditional Chinese textile artistry, which is deeply rooted in cultural heritage. The headpiece, adorned with decorative elements, further emphasizes the cultural specificity and the importance of traditional dress in Chinese society. While the image does not explicitly mention the Hui people, the attire strongly suggests a connection to Chinese cultural traditions, making it relevant to the concept of Hui people in the context of China.'}"
/workspace/runs/caire_in/img/d8d5b339d0c9.png,batik,https://en.wikipedia.org/wiki/batik,"{'Vietnam': 3, 'China': 2}","{'Vietnam': 'The image depicts a person engaged in the process of creating batik, a traditional textile art form. While batik is indeed a cultural practice found in various parts of the world, including Vietnam, the specific context of the image does not provide enough information to definitively link it to Vietnamese batik traditions. The setting appears rustic and possibly indicative of a rural or artisanal environment, which could be relevant to batik practices in Vietnam, but the image itself does not explicitly show Vietnamese cultural symbols, styles, or specific motifs that are uniquely Vietnamese. Therefore, while the activity depicted is culturally relevant to the concept of batik, the image alone does not strongly indicate a direct connection to Vietnamese batik traditions.', 'China': 'The image depicts a person engaged in the process of creating batik, a traditional textile art form. While the image itself is relevant to the concept of batik, which is practiced in China by ethnic groups such as the Miao, Bouyei, and Gejia, the specific context of the image does not provide enough detail to assess its cultural relevance to China. The image does not show any distinct cultural symbols, styles, or traditions that are uniquely associated with China. Instead, it appears to be a general depiction of batik creation, which is a practice shared across several Asian cultures. Therefore, while the image is related to the concept of batik, it does not provide a strong connection to the specific cultural context of China.'}"
/workspace/runs/caire_in/img/d92ebb1f0f3f.png,potter's_wheel,https://en.wikipedia.org/wiki/potter%27s_wheel,"{'Vietnam': 3, 'China': 4}","{'Vietnam': ""The image depicts a person working with a potter's wheel, which is a common tool in pottery making. While the potter's wheel itself is a universal tool used across various cultures for shaping clay, the context of the image does not provide specific cultural symbols, styles, or traditions that are uniquely Vietnamese. The image focuses on the act of pottery without any distinct Vietnamese cultural elements like specific designs, tools, or techniques that are traditionally Vietnamese. Therefore, while the concept of the potter's wheel is relevant globally, the image lacks the depth and specificity needed to be considered highly relevant to Vietnamese culture."", 'China': ""The image depicts a person working with a potter's wheel, which is a fundamental tool in pottery making. While the image itself does not explicitly reference China, the context of pottery making in China is rich and historically significant. China is known for its extensive history in pottery, particularly in the development of porcelain, which is a type of ceramic ware that requires precise and skilled use of a potter's wheel. The presence of a potter's wheel in the image aligns with the cultural tradition of pottery in China, especially in regions like Jingdezhen, which is renowned for its porcelain production. The image captures a moment of craftsmanship that resonates with the cultural heritage of pottery in China, albeit without direct textual or symbolic references to China. Therefore, the image is relevant to the culture of China, reflecting a traditional craft that holds significant importance in the country's artistic and cultural landscape.""}"
/workspace/runs/caire_in/img/d9c51301f9af.png,Lantern_Festival,https://en.wikipedia.org/wiki/Lantern_Festival,"{'Vietnam': 2, 'China': 4}","{'Vietnam': ""The image depicts a nighttime scene with performers on water, dressed in elaborate costumes, which could be interpreted as part of a cultural performance or festival. While the setting and costumes might suggest an Asian influence, the specific cultural context and traditions associated with the Lantern Festival are not evident. The image does not provide clear evidence of Vietnamese cultural symbols, styles, or traditions. The performers' attire and the setting resemble those found in other Asian cultures, possibly Chinese, but there is no direct indication that this is a Vietnamese cultural event. Therefore, the image is minimally relevant to Vietnamese culture."", 'China': ""The image depicts a nighttime scene with performers dressed in elaborate, colorful costumes, floating on water. This setting is reminiscent of the Lantern Festival, a significant cultural event in China. The performers' attire and the overall ambiance suggest a traditional festival atmosphere, which aligns with the cultural practices observed during the Lantern Festival. The use of water and the floating nature of the performers could symbolize the movement of light and the transition from darkness to light, themes commonly associated with the Lantern Festival. Additionally, the presence of spectators in the background adds to the festive and communal aspect of the festival, which is a key element of the Lantern Festival in China. While the image does not explicitly show lanterns or riddles, the overall aesthetic and context strongly suggest a connection to the Lantern Festival, making it relevant to the culture of China.""}"
/workspace/runs/caire_in/img/daf8547b1980.png,peddler,https://en.wikipedia.org/wiki/peddler,"{'Vietnam': 5, 'China': 4}","{'Vietnam': 'The image depicts a person wearing a traditional Vietnamese conical hat, commonly known as a non la, and carrying woven baskets filled with goods, which is a quintessential representation of a street vendor or peddler in Vietnam. The attire and the method of carrying goods are deeply rooted in Vietnamese culture, reflecting the historical and cultural practices of street vendors. The setting appears to be a traditional street scene, which is typical in many parts of Vietnam, especially in older urban areas. The image captures a moment that is culturally significant and resonates strongly with the everyday life and traditions of Vietnamese people. Therefore, the image is highly relevant to the culture of Vietnam.', 'China': 'The image depicts a person carrying baskets of goods, which is a common scene in traditional Chinese street markets. The individual is wearing a conical hat, a style that is historically associated with Chinese farmers and vendors, particularly in rural areas. The red shirt and black pants are also typical attire for laborers in China. The baskets suggest the person is a vendor, which aligns with the historical role of peddlers in China, who often sold goods door-to-door or at informal markets. While the image captures a moment that is culturally significant in China, it does not provide a comprehensive view of the broader context of peddlers in Chinese culture, such as the historical evolution or the specific roles they played in different regions. Therefore, the score is 4, indicating a reasonable understanding of the culture, including accurate and appropriate references, but with room for more depth in the representation of the cultural context.'}"
/workspace/runs/caire_in/img/dd9de53be3e2.png,Tết,https://en.wikipedia.org/wiki/T%E1%BA%BFt,"{'Vietnam': 5, 'China': 4}","{'Vietnam': '```json {   ""score"": 5,   ""reasoning"": ""The image is highly relevant to Vietnamese culture, particularly to the celebration of Tết. Several key elements align perfectly with traditional Vietnamese New', 'China': 'The image depicts a family gathering around a table adorned with traditional Vietnamese Lunar New Year (Tết) decorations and food. The presence of red lanterns, a red cloth backdrop with a religious figure, and various traditional dishes such as bánh chưng and bánh tét are indicative of Tết celebrations. While the image is set in a Vietnamese context, the cultural elements are deeply rooted in Vietnamese traditions rather than Chinese ones. The decorations and food are specific to Tết, which is a significant celebration in Vietnamese culture. The image captures the essence of family unity and the festive atmosphere typical of Tết, making it relevant to the Vietnamese culture but not directly to Chinese culture. Therefore, the score is 4, indicating a reasonable understanding of the Vietnamese culture, including accurate and appropriate references.'}"
/workspace/runs/caire_in/img/deb9ce32b273.png,waterman_(occupation),https://en.wikipedia.org/wiki/waterman_%28occupation%29,"{'Vietnam': 1, 'China': 1}","{'Vietnam': ""The image depicts a waterman engaged in traditional fishing activities, which is not directly related to the cultural context of Vietnam. The concept of 'waterman' as described in the provided information is specific to the United Kingdom and its colonies, particularly the Thames in London. There is no evidence in the image or the description that suggests any connection to Vietnamese culture, traditions, or practices. The attire, the type of boat, and the activity shown do not align with any known Vietnamese cultural practices or symbols. Therefore, the image is not culturally relevant to Vietnam."", 'China': 'The image depicts a waterman in a small boat, which is a scene that is culturally specific to the United Kingdom, particularly the Thames. The concept of a waterman, as described in the provided information, is deeply rooted in the history and culture of the UK, particularly London. The image does not contain any elements that are culturally relevant to China. There are no Chinese cultural symbols, styles, or traditions present in the image. The context of the image is entirely unrelated to Chinese culture, making it highly irrelevant.'}"
/workspace/runs/caire_in/img/dee652a945e0.png,Perfume_Pagoda,https://en.wikipedia.org/wiki/Perfume_Pagoda,"{'Vietnam': 4, 'China': 1}","{'Vietnam': ""The image depicts individuals wearing traditional Vietnamese ao dai, which is a culturally significant garment in Vietnam. The setting appears to be a serene river scene, possibly near a temple, which aligns with the cultural context of Chùa Hương. The ao dai, combined with the natural backdrop and the traditional boat, suggests a connection to Vietnamese heritage and lifestyle. However, the image does not explicitly show any specific cultural practices or rituals related to Chùa Hương, such as pilgrimage or the festival mentioned in the provided information. Therefore, while the image is relevant to Vietnamese culture, it lacks the depth and specificity of a scene directly tied to Chùa Hương's cultural practices."", 'China': 'The image depicts a scene with individuals wearing traditional Vietnamese ao dai, standing on a boat in a scenic, natural setting. The ao dai is a traditional Vietnamese garment, and the boat is a common mode of transportation in Vietnam, particularly in regions with rivers and lakes. The background features lush greenery and mountains, which are typical landscapes in Vietnam. However, the image is not related to the specific cultural context of Chùa Hương, as mentioned in the provided information. The concept of Chùa Hương is a significant cultural and religious site in Vietnam, and the image does not depict any elements associated with this site or its traditions. Therefore, the image is not culturally relevant to China.'}"
/workspace/runs/caire_in/img/dfbdac3e315a.png,tricycle,https://en.wikipedia.org/wiki/tricycle,"{'Vietnam': 4, 'China': 3}","{'Vietnam': 'The image depicts a person riding a tricycle, which is a common mode of transportation in Vietnam. The tricycle in the image appears to be a modified or decorated version, possibly reflecting local craftsmanship and personalization, which is a common practice in Vietnam. The background shows a street scene with buildings that have a mix of architectural styles, including colonial influences, which are prevalent in many parts of Vietnam, particularly in Hanoi and Ho Chi Minh City. The presence of people sitting and walking in the background suggests a lively urban environment, which is characteristic of Vietnamese cities. The overall scene captures a moment of everyday life in Vietnam, where tricycles are frequently used for both personal and commercial purposes. Therefore, the image is relevant to the culture of Vietnam, as it showcases a typical aspect of daily life and transportation.', 'China': 'The image depicts a person riding a tricycle on a street, which is a common mode of transportation in many parts of the world, including China. However, the specific style of the tricycle and the setting suggest a more Western influence, possibly indicating a location outside of China. The tricycle appears to be a modern, possibly custom-built model, which might not be as prevalent in traditional Chinese urban settings. Additionally, the background architecture and the presence of a parked car suggest a more modern, possibly Westernized urban environment. While the concept of a tricycle itself is relevant to the culture of China, the specific context and style in the image do not strongly align with traditional Chinese cultural symbols, styles, or traditions.'}"
/workspace/runs/caire_in/img/e025e4163ec8.png,pho,https://en.wikipedia.org/wiki/pho,"{'Vietnam': 5, 'China': 2}","{'Vietnam': 'The image depicts a bowl of pho, a quintessential Vietnamese dish, which is deeply rooted in Vietnamese culture. The presence of pho directly connects the image to Vietnamese culinary traditions and identity. The bowl is presented in a manner that is typical of how pho is served in Vietnam, with a focus on the ingredients and presentation that are characteristic of the dish. The use of chopsticks, a common utensil in Vietnamese dining, further enhances the cultural authenticity. The background elements, such as cinnamon sticks and a plate of bread, add to the overall Vietnamese dining experience, reinforcing the cultural context. The image effectively communicates the essence of pho, making it highly relevant to Vietnamese culture.', 'China': 'The image depicts a bowl of pho, a Vietnamese dish. While the image itself is visually appealing and accurately represents the dish, it does not contain any cultural elements that are specifically related to China. The presence of chopsticks and the style of the bowl are typical of Vietnamese cuisine, which is not directly connected to Chinese culture. The image does not include any Chinese cultural symbols, styles, or traditions. Therefore, the image is minimally relevant to Chinese culture, as it shows slight or superficial connections but lacks depth and immersion in Chinese cultural context.'}"
/workspace/runs/caire_in/img/e1bec4ead584.png,noodle_soup,https://en.wikipedia.org/wiki/noodle_soup,"{'Vietnam': 3, 'China': 4}","{'Vietnam': 'The image depicts a bowl of noodle soup with visible steam rising, suggesting a freshly prepared meal. While the image itself is visually appealing and could represent a variety of noodle soups from different cultures, the specific details of the dish do not provide enough context to definitively identify it as a traditional Vietnamese noodle soup. Vietnamese noodle soups, such as phở, are characterized by their clear broth, often with a rich broth base, and are garnished with herbs and sometimes meat. The image does not clearly show these characteristics, nor does it provide any specific Vietnamese cultural symbols or ingredients that are distinctly Vietnamese. Therefore, while the image is somewhat relevant as it represents a common dish across East Asia, it lacks the specificity needed to be considered highly relevant to Vietnamese culture.', 'China': 'The image depicts a bowl of noodle soup, which is a common dish in Chinese cuisine. The presence of noodles, vegetables, and a broth is indicative of traditional Chinese noodle soups. The steam rising from the bowl suggests a freshly cooked meal, which is a common sight in Chinese dining culture. While the image does not provide specific details about the type of noodles or the exact ingredients, the overall presentation aligns with the cultural context of Chinese noodle soups. The image captures a moment that resonates with the everyday life and culinary practices of Chinese people, making it somewhat relevant to the culture. However, the lack of specific cultural symbols or detailed elements that are uniquely Chinese limits the score to 4.'}"
/workspace/runs/caire_in/img/e505c0d45d80.png,Sichuan_opera,https://en.wikipedia.org/wiki/Sichuan_opera,"{'Vietnam': 1, 'China': 5}","{'Vietnam': 'The image depicts performers dressed in elaborate, traditional Chinese attire, likely representing a scene from Sichuan opera. Sichuan opera is a distinct cultural art form originating from Sichuan province in China, not Vietnam. The image does not contain any elements that are culturally relevant to Vietnam, such as Vietnamese traditional attire, music, or cultural symbols. Therefore, the image is not relevant to the culture of Vietnam.', 'China': ""The image depicts a scene that is highly indicative of Sichuan opera, a cultural form deeply rooted in Chinese tradition. The performers are dressed in elaborate, traditional costumes that are characteristic of Sichuan opera, with vibrant colors and intricate designs. The setting is a stage adorned with ornate decorations and a banner with Chinese characters, further emphasizing the cultural context. The performers are engaged in a choreographed dance or performance, which is a common element in Sichuan opera, showcasing the artistry and cultural significance of the genre. The overall composition of the image, including the costumes, stage design, and the performers' actions, aligns perfectly with the cultural elements described in the provided information about Sichuan opera. Therefore, the image is highly relevant to the culture of China, reflecting a deep understanding and respect for the art form.""}"
/workspace/runs/caire_in/img/e6ba8049edf3.png,Hui_people,https://en.wikipedia.org/wiki/Hui_people,"{'Vietnam': 1, 'China': 4}","{'Vietnam': ""The image depicts a person wearing traditional attire in a field of flowers with a mountainous background. This attire appears to be inspired by the Hui people's traditional clothing, which is characterized by intricate embroidery and vibrant colors. However, the context of the image is set in a landscape that is not typical of Vietnam, which is known for its diverse landscapes but does not feature the same type of mountainous terrain or floral fields as prominently. Additionally, the attire itself, while culturally significant, does not align with the traditional dress of the Vietnamese people, who typically wear ao dai or other traditional garments that are distinctly different from the attire shown in the image. Therefore, the image is not culturally relevant to Vietnam."", 'China': 'The image depicts a person wearing traditional attire that appears to be inspired by Hui clothing, set against a backdrop of a lush, colorful flower field with mountains in the distance. The attire includes intricate embroidery and patterns that are characteristic of traditional Hui dress, which often features vibrant colors and detailed designs. The setting, with its natural beauty and cultural attire, evokes a sense of traditional Chinese rural life, which aligns with the cultural context of the Hui people. The image successfully captures elements of traditional Chinese culture, particularly the Hui ethnic group, making it relevant to the topic. However, the image could benefit from more specific details to enhance the cultural immersion, such as additional elements that highlight the Hui identity more explicitly.'}"
/workspace/runs/caire_in/img/e7c0bb2b78b1.png,History_of_salt,https://en.wikipedia.org/wiki/History_of_salt,"{'Vietnam': 3, 'China': 3}","{'Vietnam': 'The image depicts salt production in a manner that is somewhat relevant to Vietnamese culture, particularly in terms of the historical and cultural significance of salt. Vietnam, like many other cultures, has a rich history of salt production, which has been crucial for both survival and economic activities. The image shows salt being produced in large quantities, which aligns with the historical context of salt as a valuable resource in Vietnam. However, the image itself does not provide specific details about Vietnamese salt production methods or cultural practices related to salt, which limits its cultural relevance. The image is more general and could be interpreted as a representation of salt production in a broader context rather than a specific Vietnamese tradition. Therefore, while the image touches upon a cultural theme, it lacks the depth and specificity that would make it highly relevant.', 'China': 'The image depicts salt production in a manner that is consistent with historical and modern practices, which can be relevant to the cultural context of China. The presence of salt production, a significant aspect of Chinese history and culture, is evident. However, the image itself does not provide specific details that are deeply tied to Chinese cultural symbols, styles, or traditions. While the concept of salt production is relevant to China, the image lacks the depth and specificity that would make it highly relevant. Therefore, a score of 3 is assigned, indicating that the content contains identifiable cultural references but feels somewhat generic and limited in scope.'}"
/workspace/runs/caire_in/img/e8318b2a780a.png,Kampung_Laut_Mosque,https://en.wikipedia.org/wiki/Kampung_Laut_Mosque,"{'Vietnam': 1, 'China': 1}","{'Vietnam': 'The image depicts a structure with a conical thatched roof, which is characteristic of traditional Malay architecture. This type of building is not representative of Vietnamese cultural architecture. The presence of people wearing traditional attire in the image further suggests a cultural context that is distinctly Malay, not Vietnamese. Given these observations, the image is not culturally relevant to Vietnam.', 'China': 'The image depicts a structure with a conical thatched roof, which is characteristic of traditional Malay architecture. This type of building is not representative of Chinese cultural architecture or traditions. The image does not contain any elements that are culturally relevant to China, such as Chinese characters, traditional Chinese architectural styles, or cultural symbols. Therefore, the image is not relevant to the culture of China.'}"
/workspace/runs/caire_in/img/e951b906ab58.png,Lion_dance,https://en.wikipedia.org/wiki/Lion_dance,"{'Vietnam': 2, 'China': 5}","{'Vietnam': 'The image depicts a lion dance, which is a cultural practice associated with Chinese traditions. While the lion dance is indeed performed in Vietnam, the specific style shown in the image appears to be the Northern Lion, which is more characteristic of Chinese culture rather than the Southern Lion or other Vietnamese styles. The presence of red lanterns and the traditional architecture in the background suggest a Chinese cultural setting, which might be misleading for a Vietnamese audience. The image does not provide enough context to determine if the performance is specifically Vietnamese or if it is a Chinese-style lion dance being performed in a Chinese-influenced environment. Therefore, the image is minimally relevant to Vietnamese culture due to the lack of clear Vietnamese cultural elements and the potential misrepresentation of the lion dance style.', 'China': ""The image depicts a traditional Chinese lion dance, which is a highly relevant cultural practice in China. The presence of two lion costumes, each manipulated by a dancer, is characteristic of the Southern Lion dance style, which is widely recognized and performed in China. The vibrant colors, intricate designs, and the overall festive atmosphere align perfectly with the cultural significance of the lion dance in Chinese tradition. The background includes architectural elements typical of Chinese buildings, such as tiled roofs and decorative signage, further emphasizing the cultural context. The audience's engagement and the ceremonial setting underscore the lion dance's role in celebrating cultural and community events, which is a central aspect of Chinese cultural practices.""}"
/workspace/runs/caire_in/img/ea8aff4ec0b8.png,Veneration of the dead,https://en.wikipedia.org/wiki/Veneration%20of%20the%20dead,"{'Vietnam': 5, 'China': 4}","{'Vietnam': 'The image depicts a scene of veneration, which is deeply rooted in Vietnamese culture, particularly within the context of ancestor worship. The individual is dressed in traditional Vietnamese attire, specifically a red robe and a white hat, which are significant in Vietnamese culture, often associated with religious or ceremonial activities. The altar setup includes offerings such as fruits, incense, and flowers, which are common in Vietnamese ancestor veneration rituals. The presence of a framed image of a deity or saint, along with the ornate wooden altar, further emphasizes the religious and cultural significance of the scene. The overall setting and the actions depicted are consistent with traditional Vietnamese practices of honoring ancestors, making this image highly relevant to Vietnamese culture.', 'China': ""The image depicts a scene that is highly relevant to Chinese culture, particularly in the context of ancestor veneration. The individual is dressed in traditional Chinese attire, kneeling in front of an altar adorned with offerings such as fruits, incense, and flowers, which are common in Chinese rituals honoring ancestors. The presence of a portrait of a figure, possibly a deity or an ancestor, further emphasizes the religious and cultural significance of the scene. The use of traditional Chinese ceramic bowls and the overall decor of the altar align with the aesthetic and symbolic elements typical of Chinese ancestor worship practices. The act of veneration itself, involving offerings and respect, is a fundamental aspect of Chinese culture, especially in relation to honoring one's ancestors. Therefore, the image effectively captures a culturally rich and meaningful moment within the context of Chinese traditions.""}"
/workspace/runs/caire_in/img/eb52d2dfd58b.png,The_Plum_Blossom,https://en.wikipedia.org/wiki/The_Plum_Blossom,"{'Vietnam': 1, 'China': 4}","{'Vietnam': ""The image depicts a floral arrangement with pink blossoms in a green vase, which is not directly related to the cultural concept of 'The Plum Blossom' as described in the provided information. The plum blossom is a significant symbol in Chinese culture, particularly in Taiwan, and is associated with resilience and national identity. However, the image does not feature any elements that are culturally specific to Vietnam, such as traditional Vietnamese flowers, vases, or cultural symbols. Therefore, the image is not culturally relevant to Vietnam."", 'China': 'The image depicts a floral arrangement featuring pink blossoms, which are likely plum blossoms, given their cultural significance in China. The plum blossom is a well-known symbol in Chinese culture, often associated with resilience and perseverance. The presence of these blossoms in a traditional vase further enhances the cultural relevance, as vases are significant in Chinese home decor and often hold symbolic meaning. The green vase with intricate designs also aligns with traditional Chinese ceramic artistry, which is highly valued and reflective of cultural heritage. While the image does not explicitly reference the specific cultural context of the plum blossom as a national flower or its association with the Republic of China, the overall composition and elements strongly suggest a connection to Chinese cultural aesthetics and symbolism.'}"
/workspace/runs/caire_in/img/eb718a7c528d.png,Bánh_tét,https://en.wikipedia.org/wiki/B%C3%A1nh_t%C3%A9t,"{'Vietnam': 4, 'China': 1}","{'Vietnam': 'The image depicts a dish that strongly resembles bánh tét, a traditional Vietnamese food. The key elements that support its cultural relevance are:  1. **Presentation**: The dish is presented on a banana leaf, which is a traditional wrapping material for bánh tét, symbolizing the cultural significance of using natural materials in food preparation. 2. **Ingredients**: The visible filling includes what appears to be mung bean paste and pork, which are common components in bánh tét, reflecting the traditional recipe. 3. **Cultural Context**: The setting and presentation suggest a focus on traditional Vietnamese culinary practices, which is consistent with the cultural importance of bánh tét during Tết (Vietnamese New Year).  While the image does not explicitly show the entire process of making bánh tét or the specific steps involved, the visual cues strongly align with the cultural context of bánh tét. The image effectively communicates the cultural significance of the dish without being overly detailed, which makes it relevant but not overly complex.', 'China': 'The image depicts bánh tét, a traditional Vietnamese dish, which is not culturally relevant to China. The image showcases a food item that is specific to Vietnamese cuisine and traditions, particularly associated with the Vietnamese Lunar New Year. There are no cultural symbols, styles, or traditions from China represented in the image. The presence of banana leaves and the specific ingredients used in bánh tét are distinctly Vietnamese and do not align with Chinese culinary practices or cultural celebrations. Therefore, the image is not relevant to the culture of China.'}"
/workspace/runs/caire_in/img/ee7e09fbc77a.png,cycle_rickshaw,https://en.wikipedia.org/wiki/cycle_rickshaw,"{'Vietnam': 4, 'China': 4}","{'Vietnam': ""The image depicts a group of people riding cycle rickshaws, which are commonly known as cyclos in Vietnam. The rickshaws have red and yellow canopies, which are characteristic of cyclos in Vietnam. The presence of cyclos in the image suggests a connection to Vietnamese culture, as they are a significant part of the city's identity and history. The cyclos are often used for both transportation and tourism, reflecting their cultural importance. The attire of the riders and the overall setting also align with the urban environment of Vietnam. Therefore, the image is relevant to Vietnamese culture, although it could be more specific to highlight the cultural significance of cyclos in a more immersive manner."", 'China': ""The image depicts cycle rickshaws, which are a common mode of transportation in several Asian countries, including China. The rickshaws in the image are adorned with red and yellow decorations, which are colors often associated with good luck and prosperity in Chinese culture. The design and style of the rickshaws, with their ornate canopies and traditional appearance, resonate with the cultural aesthetics of China. Additionally, the presence of a modern building in the background suggests a blend of traditional and contemporary elements, which is a common theme in urban China. The overall scene captures a moment that is culturally significant, reflecting the integration of traditional transportation methods with modern urban landscapes. Therefore, the image is relevant to the culture of China, as it showcases a traditional element that is deeply rooted in the country's history and current urban environment.""}"
/workspace/runs/caire_in/img/ef78fb46d771.png,Món_cuốn,https://en.wikipedia.org/wiki/M%C3%B3n_cu%E1%BB%91n,"{'Vietnam': 5, 'China': 1}","{'Vietnam': 'The image depicts Món cuốn, a traditional Vietnamese dish, which is highly relevant to Vietnamese culture. The presence of spring rolls (Món cuốn) on a woven bamboo tray is a direct representation of a common serving style in Vietnam. The accompanying dipping sauce (nước chấm) and garnishes like lettuce and chili strips are also typical elements found in Vietnamese cuisine. The overall presentation and the use of traditional serving utensils further enhance the cultural authenticity of the image. This image effectively captures the essence of Vietnamese culinary practices and traditions, making it highly relevant to the culture.', 'China': 'The image depicts Món cuốn, a dish that is traditionally associated with Vietnamese cuisine. The presence of spring rolls, which are a type of Món cuốn, along with the dipping sauce and garnishes, clearly indicates a Vietnamese culinary context. However, the question asks for the cultural relevance of this image to China. There are no elements in the image that suggest a Chinese cultural context or influence. The dish, presentation style, and accompanying sauce are distinctly Vietnamese, making it highly unlikely that this image would be considered culturally relevant to China.'}"
/workspace/runs/caire_in/img/f0774479cbf2.png,Đàn_tranh,https://en.wikipedia.org/wiki/%C4%90%C3%A0n_tranh,"{'Vietnam': 5, 'China': 2}","{'Vietnam': 'The image depicts a person playing the đàn tranh, a traditional Vietnamese musical instrument. The attire worn by the individual is a traditional ao dai, which is a symbol of Vietnamese culture and often worn during significant cultural events and festivals. The ao dai, combined with the đàn tranh, strongly represents Vietnamese cultural identity and heritage. The image effectively captures the essence of Vietnamese music and fashion, making it highly relevant to the Vietnamese culture.', 'China': 'The image depicts a person playing a đàn tranh, an instrument that originated in Vietnam and is culturally significant within that country. While the đàn tranh shares a common lineage with the Chinese guzheng, the specific cultural context and the style of the instrument in the image are distinctly Vietnamese. The attire worn by the individual, which appears to be a traditional Vietnamese ao dai, further emphasizes the cultural specificity of the scene. Although the đàn tranh has historical ties to China through its ancestry, the image itself does not provide enough depth or context to fully reflect the cultural significance of the instrument within the broader Chinese cultural framework. Therefore, the image is minimally relevant to Chinese culture.'}"
/workspace/runs/caire_in/img/f28e63096f66.png,Longji,https://en.wikipedia.org/wiki/Longji,"{'Vietnam': 1, 'China': 5}","{'Vietnam': ""The image depicts rice terraces, which are a significant agricultural practice in many parts of Asia, particularly in countries like the Philippines, Indonesia, and parts of China. However, the specific mention of 'Longji' in the context of the image refers to a location in China, specifically in the Longsheng Various Nationalities Autonomous County. This indicates that the image is not directly related to Vietnamese culture, as rice terraces in Vietnam are typically associated with different regions such as Sapa and Mu Cang Chai, which are not mentioned here. Therefore, the image, while visually striking, does not align with the cultural relevance to Vietnam."", 'China': 'The image depicts the Longsheng Rice Terraces, which are a globally recognized symbol of Chinese agricultural heritage and cultural identity. The terraced fields, a hallmark of traditional Chinese farming techniques, are intricately carved into the mountainsides, reflecting the ingenuity and hard work of generations of farmers. The setting sun enhances the visual appeal, adding a sense of tranquility and timelessness that resonates with the cultural appreciation for harmony with nature. The image captures the essence of rural life in China, showcasing the deep-rooted connection between people and their land. The presence of these terraces in the image directly aligns with the cultural significance attributed to them in China, making it highly relevant to the Chinese culture.'}"
/workspace/runs/caire_in/img/f37e5f18c69d.png,Jinli,https://en.wikipedia.org/wiki/Jinli,"{'Vietnam': 2, 'China': 4}","{'Vietnam': 'The image depicts a street scene with lanterns and traditional architecture, which are common in East Asian cultures, particularly those influenced by Chinese aesthetics. However, the specific architectural style and the presence of lanterns are not uniquely Vietnamese. While the image captures a warm, inviting atmosphere often associated with cultural heritage and traditional practices, it does not provide enough specific Vietnamese cultural elements to be considered highly relevant. The scene could be interpreted as inspired by or similar to the Jinli street in China, which is known for its historical and cultural significance. Therefore, while the image has some cultural relevance, it is not deeply connected to Vietnamese culture.', 'China': 'The image depicts a street scene with warm lighting, lanterns, and traditional architecture, which are common elements found in Chinese cultural settings. The presence of lanterns and the overall ambiance suggest a festive or historical setting, which aligns with the description of Jinli as a street known for its cultural significance and historical charm. However, the specific architectural style and the exact type of lanterns used in the image do not directly match those typically found in Jinli, which is more accurately described as having Qing Dynasty-style buildings. Despite this minor discrepancy, the image captures a general sense of traditional Chinese street life, making it somewhat relevant to the broader cultural context of China.'}"
/workspace/runs/caire_in/img/f64c46b2ed56.png,Đàn_bầu,https://en.wikipedia.org/wiki/%C4%90%C3%A0n_b%E1%BA%A7u,"{'Vietnam': 5, 'China': 3}","{'Vietnam': ""The image depicts a musician playing the đàn bầu, a traditional Vietnamese stringed instrument, in a setting that is richly decorated with cultural symbols. The ornate stage design, the use of red lanterns, and the overall aesthetic of the performance space are all indicative of traditional Vietnamese cultural elements. The musician's attire, while not explicitly described, appears to be in line with traditional Vietnamese clothing, further enhancing the cultural authenticity. The presence of the đàn bầu itself, a key element of Vietnamese folk music, directly connects the image to Vietnamese cultural heritage. The scene is immersive and respectful, reflecting a deep understanding and appreciation of Vietnamese cultural practices and aesthetics."", 'China': 'The image depicts a musician playing a đàn bầu, a traditional Vietnamese stringed instrument. While the đàn bầu is indeed a cultural artifact, the setting and context suggest a performance that is likely influenced by Vietnamese culture rather than Chinese. The ornate stage design, the presence of lanterns, and the overall aesthetic align more with Vietnamese cultural elements rather than those of China. The đàn bầu itself is a Vietnamese instrument, and its use in this context suggests a performance that is rooted in Vietnamese tradition. Therefore, while the image does contain a cultural element related to Vietnam, it does not strongly reflect Chinese cultural symbols, styles, or traditions.'}"
/workspace/runs/caire_in/img/f680b3d60d9e.png,Đàn_tranh,https://en.wikipedia.org/wiki/%C4%90%C3%A0n_tranh,"{'Vietnam': 5, 'China': 2}","{'Vietnam': ""The image depicts a person playing the đàn tranh, a traditional Vietnamese musical instrument. The attire worn by the individual is a traditional áo dài, which is a symbol of Vietnamese culture and often worn during significant cultural events and performances. The đàn tranh itself is a quintessential part of Vietnamese music, reflecting the country's rich musical heritage. The combination of the traditional clothing and the use of the đàn tranh in the image strongly aligns with Vietnamese cultural practices and traditions. Therefore, the image is highly relevant to the culture of Vietnam."", 'China': 'The image depicts a person playing a đàn tranh, an instrument that originated from China and is now a significant part of Vietnamese musical culture. While the đàn tranh is culturally relevant to Vietnam, it is not directly relevant to Chinese culture. The image showcases the đàn tranh being played, which is a cultural symbol of Vietnam, but it does not provide any direct connection to Chinese cultural practices or traditions. The presence of the đàn tranh in the image suggests a cultural exchange or influence, but the focus is on the Vietnamese aspect rather than the Chinese origin of the instrument. Therefore, the image is minimally relevant to Chinese culture.'}"
/workspace/runs/caire_in/img/f7290a71a8c7.png,Manchu_people,https://en.wikipedia.org/wiki/Manchu_people,"{'Vietnam': 1, 'China': 4}","{'Vietnam': 'The image depicts a person wearing traditional attire that appears to be inspired by East Asian cultures, particularly those associated with the Manchu people. However, the specific style of the hat and the overall aesthetic align more closely with traditional Chinese or possibly Korean cultural elements rather than Vietnamese ones. The attire and accessories do not reflect any significant cultural symbols, styles, or traditions that are distinctly Vietnamese. Therefore, the image is not culturally relevant to Vietnam.', 'China': 'The image depicts a person wearing traditional attire that includes a conical hat adorned with intricate silver decorations and matching earrings, along with a red garment that appears to be inspired by historical Chinese clothing. These elements are strongly associated with the Manchu culture, particularly the Qing dynasty, which ruled China from 1644 to 1912. The attire and accessories are culturally significant and reflective of the Manchu style, which was prominent during the Qing era. The overall presentation of the image aligns well with the cultural symbols and traditions of the Manchu people, making it relevant to the culture of China.'}"
/workspace/runs/caire_in/img/f7d90263e96e.png,Quan_họ,https://en.wikipedia.org/wiki/Quan_h%E1%BB%8D,"{'Vietnam': 4, 'China': 1}","{'Vietnam': ""The image depicts a person wearing traditional Vietnamese attire, specifically a áo dài, which is a long dress commonly worn by women in Vietnam. The áo dài is often associated with cultural events and festivals, reflecting the rich fashion heritage of Vietnam. Additionally, the person is holding a traditional Vietnamese hat, which further emphasizes the cultural context. Although the image does not directly show the performance of Quan Họ, the attire and setting suggest a connection to Vietnamese cultural practices, making the image somewhat relevant to the concept of Quan Họ. The attire and setting provide a strong visual link to Vietnamese culture, indicating a reasonable understanding of the culture's fashion and traditional elements."", 'China': 'The image depicts a person wearing traditional Vietnamese clothing, specifically a áo dài, which is a long dress worn by women in Vietnam. The áo dài is not culturally relevant to China. Additionally, the person is holding a conical hat, which is also a traditional Vietnamese headwear. There are no elements in the image that are culturally significant to China. Therefore, the image is not relevant to Chinese culture.'}"
/workspace/runs/caire_in/img/fa516c8013d6.png,Vietnam,https://en.wikipedia.org/wiki/Vietnam,"{'Vietnam': 5, 'China': 1}","{'Vietnam': ""The image depicts a stunning landscape of karst islands surrounded by turquoise waters, which is highly characteristic of Halong Bay in Vietnam. This iconic natural wonder is a significant cultural symbol in Vietnam, representing the country's rich biodiversity and geological heritage. The image captures the essence of Vietnam's natural beauty, which is deeply valued and celebrated in the country's culture. The lush greenery and the unique shape of the karst formations are quintessential features of Vietnam's landscapes, making the image highly relevant to the Vietnamese culture. Additionally, the presence of boats in the image suggests a connection to traditional fishing practices and tourism, which are integral parts of Vietnam's cultural identity. The overall composition of the image, with its vibrant colors and serene atmosphere, resonates strongly with the aesthetic and emotional values of Vietnamese culture."", 'China': 'The image depicts a landscape with karst formations and boats on the water, which is characteristic of Halong Bay in Vietnam. The image does not contain any cultural symbols, styles, or traditions that are directly associated with China. While the landscape might share some visual similarities with certain Chinese landscapes due to the presence of mountains and water, the specific cultural context and identity of the location are distinctly Vietnamese. Therefore, the image is not culturally relevant to China.'}"
/workspace/runs/caire_in/img/faceeba2485c.png,Thatbyinnyu_Temple,https://en.wikipedia.org/wiki/Thatbyinnyu_Temple,"{'Vietnam': 1, 'China': 1}","{'Vietnam': 'The image depicts the Thatbyinnyu Temple, which is a significant historical and cultural landmark located in Bagan, Myanmar. This temple is not culturally relevant to Vietnam. The architecture, style, and context of the temple are distinctly Burmese and do not share any direct cultural or historical ties with Vietnam. The Thatbyinnyu Temple is a part of the Bagan Archeological Area, which is a UNESCO World Heritage Site, and its design and construction reflect the Burmese cultural heritage rather than Vietnamese. Therefore, the image does not connect with or reflect the culture of Vietnam.', 'China': 'The image depicts a temple that is culturally significant within the context of Myanmar, specifically the Thatbyinnyu Temple. This temple is a prominent historical and religious site in Bagan, Myanmar, and is recognized as a UNESCO World Heritage Site. The architectural style, with its multi-tiered structure and intricate details, is characteristic of Theravada Buddhist architecture found in Southeast Asia, particularly in countries like Myanmar, Thailand, and Laos. However, the image and the information provided are not directly related to Chinese culture. There are no cultural symbols, styles, or traditions that align with Chinese cultural heritage. Therefore, the image is not culturally relevant to China.'}"
/workspace/runs/caire_in/img/fd07694d6fc6.png,List of traditional festivals in Vietnam,https://en.wikipedia.org/wiki/List%20of%20traditional%20festivals%20in%20Vietnam,"{'Vietnam': 4, 'China': 2}","{'Vietnam': 'The image depicts a group of people dressed in traditional Vietnamese attire, rowing a dragon boat, which is a significant cultural symbol in Vietnam. Dragon boats are traditionally used during the Water Puppet Festival (Tết Thủy Tinh) and other water-related festivals, reflecting the importance of water in Vietnamese culture. The attire worn by the individuals also aligns with traditional Vietnamese clothing, further emphasizing the cultural context. The setting, with its traditional architecture in the background, adds to the authenticity of the scene. While the image does not explicitly mention a specific festival, it strongly suggests a celebration tied to Vietnamese cultural practices, making it highly relevant to the concept of traditional festivals in Vietnam.', 'China': 'The image depicts a group of people dressed in traditional attire, rowing a boat adorned with dragon decorations, which is a common symbol in East Asian cultures, particularly in Chinese and Vietnamese traditions. However, the setting appears to be in a Vietnamese context, as indicated by the architecture in the background and the style of the boat, which resembles a traditional Vietnamese dragon boat used for festivals like the Dragon Boat Festival (Duanwu Festival). The attire of the individuals also seems to be inspired by traditional Vietnamese clothing rather than Chinese. While the image captures a cultural element that is relevant to East Asian cultures, it is not specifically tied to Chinese culture, thus the score is set at 2.'}"
/workspace/runs/caire_in/img/fe0cbec05ab6.png,Tai_peoples,https://en.wikipedia.org/wiki/Tai_peoples,"{'Vietnam': 2, 'China': 1}","{'Vietnam': 'The image depicts a person wearing traditional attire that is characteristic of the Tai peoples, which includes intricate beadwork, vibrant colors, and specific patterns that are typical of the Tai cultural heritage. While the attire is culturally significant and reflective of the Tai culture, the image does not provide enough context to determine if the individual is from Vietnam or if the attire is commonly worn in Vietnam. The Tai people are primarily found in countries like Thailand, Laos, and parts of China, and their cultural attire is not typically associated with Vietnam. Therefore, the image is minimally relevant to the culture of Vietnam, as it showcases a cultural element that is not native to Vietnam.', 'China': 'The image depicts a person wearing traditional attire that is associated with the Tai peoples, a group of people who primarily reside in Southeast Asia. The clothing and headgear are richly decorated with intricate patterns and colors, which are typical of the cultural attire worn by the Tai. However, the context of the image is not related to China, and the attire and cultural elements depicted are distinctly associated with Southeast Asian cultures, particularly those of the Tai peoples. Therefore, the image is not culturally relevant to China.'}"
/workspace/runs/caire_in/img/ff22be948587.png,Tết,https://en.wikipedia.org/wiki/T%E1%BA%BFt,"{'Vietnam': 4, 'China': 3}","{'Vietnam': 'The image depicts a floral arrangement with pink blossoms in a green ceramic vase, which is a common decorative element in Vietnamese homes during Tết. The presence of blossoms, especially those resembling peach blossoms, is significant in Vietnamese culture as they are traditionally used to decorate houses during Tết. The green ceramic vase, adorned with traditional patterns, further enhances the cultural relevance as it reflects the aesthetic preferences and traditional craftsmanship often seen in Vietnamese home decor. While the image does not explicitly show Tết-related activities or specific Tết decorations like the artificial New Year tree (cây nêu) or the traditional foods, the overall composition and style align well with the cultural context of Tết in Vietnam. The image captures a moment of tranquility and beauty that resonates with the spirit of celebration and renewal associated with the festival.', 'China': 'The image depicts a floral arrangement with pink blossoms in a green vase, which is a common decorative element in many cultures, including Chinese. However, the specific style of the vase and the arrangement does not strongly align with traditional Chinese cultural symbols or practices. The vase appears to be a modern interpretation rather than a traditional Chinese artifact, which might be more relevant to the context of Tết in Vietnam. The flowers, while beautiful, do not carry the same symbolic significance in Chinese culture as they do in Vietnamese, where they are often associated with the Tết celebration. Therefore, while there are some visual similarities, the image does not deeply reflect the cultural context of Tết in China.'}"
